COURSE,TITLE,ANNUALIZED,TYPE,AP COURSE,DEPARTMENT,CHAIR,TERM,COURSE REQ (CATALOG),DESCRIPTION,,,

AHS11,ART APPRECIATION,FALSE,CORE,,ART,THOMAS,BOTH,FRESHMEN,One-Term Requirement offered in the Fall and Spring Terms,,,
ANS11QAS,STUDIO ART MIXED MEDIA,FALSE,ELECTIVE,,ART,THOMAS,BOTH,"SOPHOMORES/JUNIORS/ SENIORS, PASSED AHS11","In this one semester course, students will complete 4-5 studio art projects that build on the basic skills taught in Art Appreciation. Students will have the opportunity to explore new materials and techniques such as monoprinting, watercolor painting, collage, and sculpture, and combine these to create their own mixed-media works of art. We will also consider the work of several modern and contemporary mixed media artists. Students will visit at least one gallery or museum exhibit and write a review during the semester. There will be a final portfolio review and critique at the end of the term.Grading Policy20% Attendance, punctuality, participation in discussions, peer &amp; class critiques, studio maintenance70 % Studio Projects10% Exhibition Reviews",,,
APS11,PAINTING,FALSE,ELECTIVE,,ART,THOMAS,BOTH,"SOPHOMORES/JUNIORS/SENIORS, PASSED AHS11","This is a one semester elective course designed to introduce students to the basics of various painting mediums, such as watercolor, tempera paint, and/or acrylic paints, as well as refresh and expand drawing skills. Through various themes like identity, everyday objects, city and nature, students will be introduced to past and contemporary artists. Students will practice techniques, build on painting and drawing skills, study and discuss works by artists, provide peer critiques, produce and reflect on their own work. Grading Policy25% Attendance, punctuality, participation in discussions, peer & class critiques25% Painting notebook/ exercises50% Painting projectsStudents must in 10th, 11th, or 12th grades and passed Art Appreciation (AHS11) with an 85 or higher.",,,
AQS11QCA,COMIC ART,FALSE,ELECTIVE,,ART,THOMAS,BOTH,"SOPHOMORES/JUNIORS/SENIORS, PASSED AHS11","In this one-semester course, students learn the structural language of comics as a narrative medium. Using the traditional “blue layout to ink” method, students will produce long-form comics based on their own lives (with room for poetic license). Through slide shows, group discussions, individual research and reports, students will learn the 120-year history of a medium which started in Manhattan and has spread worldwide as an art form. We will also consider the recent body of theoretical/critical writings on comics. It’s much more than superheroes and swordsmen!",,,
AWS21X,AP STUDIO ART - DRAWING,TRUE,ELECTIVE,,ART,THOMAS,FALL,94+ IN ART APPRECIATION,"In this year-long course, students engage in a ""Sustained Investigation"" of a topic of their own personal interest, producing a portfolio of several interconnected works which demonstrate a synthesis and deep exploration of Idea, Material and Technique. Group critiques and individual one-on-one meetings with the instructor will help students curate and refine the works that they will submit digitally to the College Board in May. Students will be expected to work with a high level of independence, both in and outside of class. They will also be required to document their artistic processes in photographs and in writing.",,,
EES11S,ENGLISH,TRUE,CORE,,SPECIAL EDUCATION,PAULSON,BOTH,LIST PROVIDED,,,,
EES81QFC,FR COMPOSITION 1,TRUE,CORE,,ENGLISH,GROSSMAN,FALL,FRESHMEN,"Freshman Composition is designed to help students develop key writing skills and understand the essential elements of the writing and revision process. Over the course of the year, students will become more adept at writing in a variety of forms, including literary analysis, persuasive argument, narrative and descriptive writing, and research. The emphasis will be on producing writing that is clear, concise and thoughtful.Students will also read a variety of literary texts, including novels, memoir, drama (at least one Shakespeare play), poetry and nonfiction. These works are intended to familiarize students with diverse genres, to serve as prompts and models for their writing, and to deepen their skills as readers.",,,
EES83QEL,FOUNDATIONS OF LITERATURE 1,TRUE,CORE,,ENGLISH,GROSSMAN,FALL,SOPHOMORES,"This yearlong course invites students to read, discuss, and write about challenging and culturally formative texts of the last 3,000 years, from the Greek plays and Homer’s Odyssey to contemporary works of literature, such as Elena Ferrante’s My Brilliant Friend and Kamila Shamsie’s Home Fire. Students will consider themes as central and far-reaching as the nature of truth, the role of power and ambition in society, the meaning of artistic freedom, the complications of race and gender, and the role of fate and free will in literature and culture.",,,
EES85QAM,AMERICAN LIT ENG 5,FALSE,CORE,,ENGLISH,GROSSMAN,FALL,RISING JUNIORS,"American Literature is a semester-long core English course for juniors not enrolled in an AP English Language & Composition course. Students will encounter a variety of texts and authors considered central to the notions of the history, national identity, art and culture of the United States. It is offered in the Fall and Spring semesters, and students especially interested in this area of study are allowed to enroll during both terms of their junior year. Students taking both will encounter a completely different reading list in each semester. Students will read texts from a variety of eras in each semester. The intent is to expose students to a wide range of style, genre, and content, while allowing for meaningful comparisons between texts from different parts of our nation’s history. The story of American Literature is largely our break with European traditions to build our own culture through the contributions of our vast diversity. Themes during each semester may include: individualism, freedom, national identity, the minority experience in America, gender, war, immigration, progressivism, the urban experience, American Romanticism, and the American Dream. Students can expect to read traditional texts of the American canon, by the likes of Franklin, Douglass, Hawthorne, Emerson, Twain, Wharton, and James. But each term will include modern and postmodern authors, such as Ernest Hemingway, Zora Neale Hurston, Tennessee Williams, Arthur Miller, James Baldwin, August Wilson, Philip Roth, and Tim O’Brien. Students who do not request a fall selective or who cannot be programmed for the fall selective(s) of their choice will automatically be programmed for American Literature in the fall. Students enrolled in a selective for the fall semester will automatically be programmed for American Literature in the spring.",,,
EES85QCN,CREATIVE NONFICTION ENG5,FALSE,SELECTIVE,,ENGLISH,GROSSMAN,FALL,RISING JUNIORS,"“Creative Non-Fiction” is memoir, it’s journalism – it’s using the techniques of fiction to tell a true story. Narrative scene-making, characterization, dialogue, and vivid, immersive details – these aspects of storytelling get your reader to feel and understand and be moved by your writing. These are the writing skills we will work on, to tell the stories that are meaningful to you. This class is for the student who is truly interested in writing – more interested in writing than in the numerical value that school imposes on student writing. (They’re called grades.) Care about your grades, but care more about improving as a writer, and about producing work that you are genuinely proud of, because it speaks for you and because it impacts your readers. This class is for the serious student of writing. Over the course of the semester we will read non-fiction and fiction; we will study the material for content (what it’s saying to us) and technique (how it achieves its effects); and we will produce 3-4 essays of at least five pages each. Have I mentioned: This class is for the serious student of writing.",,,
EES85QDR,STORIES ON STAGE ENG5,FALSE,SELECTIVE,,ENGLISH,GROSSMAN,FALL,RISING JUNIORS,"STORIES ON STAGEWhat makes theater exciting? What makes it dangerous? What does performance offer that reading does not? This course will explore how theater makers of different cultures and eras have answered these questions as we study the structure of stories and the tools we use to tell them on stage. As we read theatrical works and historical sources from diverse but connected traditions, we will consider the role of costume, mask and makeup, movement, and stage space in establishing character, developing plot, and evoking emotion. Students will learn to think like performers, producers, and critics; assessments will include performances, creative projects, and written reflections. This is a course for students who are interested in theater, history, or storytelling in any medium.Works studied may be drawn from traditions including classical Greek tragedy, feudal Japanese nō, Yuan Dynasty zaju, 17th-century French and Spanish drama, 19th-century Italian opera, and 20th-century movements including realism, epic (Brechtian) drama, post-colonialism, and devised theater. This class is open to 11th and 12th grade students as a selective.Essential QuestionsWhat are the core components of a story?What methods and materials do theater makers use to tell stories?What kinds of stories get told on stage? Who is represented? What conflicts are investigated? What counts as resolution?What opportunities does live performance afford? What challenges does it present? What risks does it pose? What feelings should it inspire?How can performing help us understand stories and texts? How can we use performance to develop and communicate our interpretation of stories and texts?",,,
EES85QMC,WRITING TO MAKE CHANGE ENG5,FALSE,SELECTIVE,,ENGLISH,GROSSMAN,FALL,RISING JUNIORS,"Much of the writing we do in English classes is for an audience of one: the teacher. The focus of this writing workshop course will be to generate and craft public writing for a larger audience: writing that moves beyond the classroom, and even beyond the walls of the school. In the first third of the course, we will study writing in a variety of genres, including personal essay/memoir, fiction, drama, op-eds, poetry, and the graphic novel/the infographic. We will write in response to invitations, identifying issues we are passionate about, and forms—including hybrid forms—we are eager to explore. In the second part of the course, students will identify their pressing issue and the audience they want to address, and embark on an independent study researching what has been written about that issue and determining what they will add to this conversation. Each student will write up a proposal for their final project: a piece of public writing that will go out into the world to make change. The final weeks of the course will be devoted to developing, drafting, and revising pieces for publication. By the end of the semester, each student will take action by putting their writing out into the world through publication, contest submission, performance, or some other means. This writing workshop class will be open to juniors and seniors as an English selective.",,,
EES85QPW,POETRY ENG5,FALSE,SELECTIVE,,ENGLISH,GROSSMAN,FALL,RISING JUNIORS,"This course incorporates the study of poetry with the writing of poetry. We’ll begin with some contemporary writers, explore rhythm, rhyme, and the complex forms, particularly those from Asia and the Middle East, take two weeks to experiment with risks and new approaches, jump back in time to study several of America’s most celebrated voices, and close with a unit on spoken word. Along the way we’ll study poets ranging from Walt Whitman to Aimee Nezhukumatathil, Emily Dickinson to Jason Koo. We’ll also look closely at two full books by John Yau and Claudia Rankine as we imagine what our own final collections might look like. Perhaps most importantly, we’ll be focusing on your writing and the writing of your classmates past and present. As my former student Disi Chen once wrote, “This is not only a class where you write to express but also listen to learn. You’ll be surprised when you hear the poetry of others and realize that everyone has so much to say in so many different styles, you included.” Most Wednesdays will be devoted to workshops, and most Fridays will involve readings or recitations. Seven times during the course of the semester, I will comment on individual poems, and at the end of the term you will have an opportunity to collect and present your ten best poems in a chapbook. Three times during the course of the semester, you’ll memorize and recite a poem of your choice that is over twelve lines.",,,
EES85QWW,WRITERS WKSP ENG5,FALSE,SELECTIVE,,ENGLISH,GROSSMAN,FALL,RISING JUNIORS,"This course is designed to make students aware of the wide-variety of techniques used by fiction writers and to guide students in practicing those techniques in their own fiction. The primary focus will be on semi-autobiographical realistic short fiction, but opportunities to experiment with science fiction, fantasy, and other genres will be available.Writers considered in recent semesters include Langston Hughes, Stephen Crane, F. Scott Fitzgerald, Ernest Hemingway, John Cheever, Donald Barthelme, James Thurber, Jack London, William Faulkner, and Grace Paley, as well as successful examples from past and present students of the course.Class discussions will consider the effectiveness of a variety of pieces of fiction along with the theory of fiction writing. Students will produce original fiction and devote effort to editing the fiction of classmates. Assigned readings will be for the purpose of identifying writing techniques, discussing fiction writing theory, evaluating the choices that fiction writers make, and building a community of writers.",,,
EES85X1,AP ENG LANG - AMERICAN LITERARY HISTORY,TRUE,CORE,,ENGLISH,GROSSMAN,FALL,"RISING JUNIORS, AP ENGLISH LANG, SUBJECT AVG ≥ 94","This course stresses the importance of chronology in the study of American literature. Authors, like us, are directly and indirectly influenced by those who came before them. James Baldwin read Richard Wright, and Jhumpa Lahiri references Nathaniel Hawthorne. Who are the favorite writers of famous writers? If we continue to trace the American lineage back, can we create a map of influence?  When we probe the collision and cross-pollination of ideas, the boundaries between the contemporary and the classic, the self and the other, whiteness and blackness begin to blur. Reading challenging texts can provide space for us to think out loud, make mistakes, and discover false dichotomies. We aim to appreciate and interrogate big ideas in American intellectual history, but we also aim to appreciate and interrogate our own ideological boundaries and differences. You will play the devil’s advocate, entertain multiple interpretations, and imagine possible worlds. As a college level writing course, American Literary History will go beyond the basic five-paragraph essay to consider appropriate scope, flow, style, and voice. We will propose ideas, reconsider strategies, develop precision, and revise essays. Genres may include literary, comparative, and rhetorical analysis, as well as the research paper incorporating criticism and theory. Guiding questions:What dominant cultural mythologies, narratives, and ideals are created or challenged?Who feels like an outsider and what commentary can an outsider offer?How is the American experiment and experience still evolving today?How are American writers in conversation with each other across time and space?What literary movements developed throughout American history? How are writers influenced by historical, social, cultural, and political context?Authors may include Jon Krakauer: Into the Wild                                                Henry David Thoreau: Walden                                           Walt Whitman: Leaves of Grass                                         F. Scott Fitzgerald: The Great Gatsby                                August Wilson: Fences                                                        Suzan-Lori Parks: Topdog/Underdog                                                                                 Justin Torres: We the Animals                                                        Jhumpa Lahiri: Unaccustomed EarthChimamanda Ngozi Adichie: The Thing Around Your Neck",,,
EES85X3,AP ENG LANG - DEFINING AMERICAN VOICES,TRUE,CORE,,ENGLISH,GROSSMAN,FALL,"RISING JUNIORS, AP ENGLISH LANG, SUBJECT AVG ≥ 94","This course explores the evolution of the American voice and identity through literature and non-fiction. While we will study many of the canonical works of American literature, reading the classics that have established the foundation of our literary history, we’ll also be reading more contemporary and experimental texts showing how American literature has evolved. We’ll consider how to define an “American” voice in our discussions of the issues that face us as a nation. The end goal of this class is to develop as writers and readers, and you should expect to participate in discussion on a daily basis to create an engaging and intellectual classroom community. Reading is a subjective experience, and our class is richer when many voices contribute. Written assignments will be both analytical and personal. You can expect to write often and deeply, considering both the resonant American themes in the literature and non-fiction that we read, and writing strategies for effectively conveying complex and important ideas. While considering the notion of the American voice, you will also work on developing your own writerly voice, writing both creatively and analytically – sometimes simultaneously. Your assignments – and this class – will be challenging, creative and fun.",,,
EES85X7,AP ENG LANG - CONTEMPORARIES CLASSICS,TRUE,CORE,,ENGLISH,GROSSMAN,FALL,"RISING JUNIORS, AP ENGLISH LANG, SUBJECT AVG ≥ 94","This course is ultimately about the power of words in processing, shaping, and communicating ideas. We read literature because we love stories and characters and images and words, words, words, and we love writing because we get to enter into the literary conversation and try to move our own readers, to make them feel and think and understand, and to appreciate things that are meaningful and true. In this class, we read and write for those reasons, but we also layer on a rhetorical focus, zooming in on the moves writers make.Contemporaries and Classics ranges across the American Literary canon, including titles from the famous to the recent to the obscure. We read a mix of fiction and nonfiction, and books are chosen with an eye toward relevance, beauty, and diversity. Reading and writing assignments are sequenced so that we can trace threads of thinking across genres, styles, and time.  Along the way, we will explore what makes American Literature… American. How can our reading help us figure out what America means, what America is or should be, and how we can understand contemporary America? In this class, students will add their own experiences and thinking to our dialogue through both daily discussion and rich writing assignments. These writing assignments are meant to improve students’ analytical rigor, as well as to develop their individual voices, perspectives and styles. If students end the year with portfolios of work they are intensely proud of, then they have succeeded in this class.Recent readings have included plays by Arthur Miller and Moises Kaufman; novels by Jennifer Egan and Julie Otsuka; multi-modal poetry by Claudia Rankine; and non-fiction by Frederick Douglass and Jon Krakauer.Guiding questions:•        What do we mean by “American literature” in a country so big and geographically, racially, ethnically, politically, and socially diverse?•        What new “voices” does American literature introduce into the national consciousness and conversation?•        What is the meaning/significance of the American Dream, and in what ways has it changed/remained constant over time?•        What archetypal images and stories animate American literature and why do they continue to resonate so powerfully?•        In what ways is the American landscape – particularly the concepts/experience of “wilderness” and the frontier – central to American literature?•        In what ways does American literature reflect – and shape – the country’s politics, social movements, and the larger zeitgeist?•        In what ways does American literature reflect the tension between the community and the individual?•        In what ways does American literature reflect the tension between assimilation and preserving cultural heritage?•        What “ghosts” haunt America, and how is their presence reflected in our literature? In what ways do American writers grapple with American history?•        In what ways are American writers engaged in a conversation with each other, and how can we best participate in the conversation?",,,
EES85XA,AP ENG LANG - AMER PLACES & PERSPECTIVES,TRUE,CORE,,ENGLISH,GROSSMAN,FALL,"RISING JUNIORS, AP ENGLISH LANG, SUBJECT AVG ≥ 94","Overview: American Places and Perspectives is a two-semester American literature course. Using geography as its central lens, the class focuses on the places occupied by American texts, American writers, and American readers. This geographical lens includes both physical and human geography.  A major goal of the course is to explore the ways in which American literature has shaped and reflected American identity, keeping in mind that while there may be assumed values and traits associated with the United States of America (and her inhabitants), this “teeming “nation of nations” (Whitman) does not allow for easy compartmentalization or a narrowly defined American frame-of-mind. Students can expect a variety of writing assignments which represent the four rhetorical modes of discourse: narration, description, exposition, and argumentation. As is fitting a course which culminates with the AP Language and Composition exam, there will be an emphasis on rhetorical analysis.",,,
EES87CEE,EXISTENTIALISM ENG7,FALSE,CORE,,ENGLISH,GROSSMAN,FALL,RISING SENIORS,"Existentialism is a single-semester selective that stresses fervent individualism in the face of an irrational universe. It, along with Absurdism, uplifts the “rebel,” that individual who is courageous enough to rise above codified existence and live authentically. These writers express themselves with a passionate sense of urgency: calling for a revolt against programmed behavior, exposing the dangers of falling into conformity and “everydayness,” and highlighting the importance of embracing one’s own subjective experience of existence. These writers want us to deeply consider the nature and nuance of individual agency and free will. Most existential / absurd writers write out of a profound experience, the sort of experience that they believe gives them a brief moment of insight into the human condition. They often use fiction as a vehicle to relay this experience. Our job is to find this fundamental revelation behind the text and try to relate to it. You will often hear me ask, “What experience does the author reveal to us? How does this connect to existentialism and to your own experiences?” Students can expect to read the following literary works: No Exit (1944) and The Flies (1943) by Jean-Paul Sartre, Notes from Underground (1865) by Fyodor Dostoevsky, The Stranger (1942) by Albert Camus, Waiting for Godot (1948) by Samuel Beckett, and The Trial (1914-1917) by Franz Kafka. The course will also focus on the main philosophical essays of this discipline along with a few post-modern essays on ideology. Students will be asked to complete a series of response papers that will hopefully culminate into a brief philosophical manifesto. These response papers will be personal in nature and use textual references to propel the essay’s central argument. The course is broken up into four main problems: 1) Other People, 2) Free Will and Ethical Action, 3) Ideology and Identity, 4) Nothingness and Happiness, or Absurdism.",,,
EES87QCL,CLIMATE LITERATURE ENG7,FALSE,CORE,,ENGLISH,GROSSMAN,FALL,RISING SENIORS,"Climate LiteratureLike science, stories help us understand the world as it is. We tell stories to understand how people relate to each other and to our world. Stories let us imagine the future. We tell stories to scare ourselves and to give ourselves hope.  In Climate Lit., we’ll look at how literature - and culture more generally - is addressing climate change. We’ll read nonfiction and fiction (and art and film) that explains the science of climate change, and that imagines responses and effects of climate change, both apocalyptic and hopeful.Writing assignments will include both fiction and nonfiction.We’ll engage with all or parts of works like these: Wilderness Essays, John MuirSilent Spring, Rachel CarsonNorth Woods, Daniel MasonThe Overstory, Richard Powers New York: 2140 (and The Ministry for the Future), Kim Stanley Robinson Noor, Nnedi OkoraforThe Parable of the Sower, Octavia ButlerPrincess Mononoke (film), Hayao MiyazakiBurning (film), Eva Orner I’m With the Bears (short stories), ed. Bill McKibben Under a White Sky, Elizabeth Kolbert",,,
EES87QCN,CREATIVE NONFICTION ENG7,FALSE,SELECTIVE,,ENGLISH,GROSSMAN,FALL,"RISING SENIORS, DID NOT TAKE THE CLASS ALREADY","“Creative Non-Fiction” is memoir, it’s journalism – it’s using the techniques of fiction to tell a true story. Narrative scene-making, characterization, dialogue, and vivid, immersive details – these aspects of storytelling  get your reader to feel and understand and be moved by your writing. These are the writing skills we will work on, to tell the stories that are meaningful to you. This class is for the student who is truly interested in writing – more interested in writing than in the numerical value that school imposes on student writing. (They’re called grades.) Care about your grades, but care more about improving as a writer, and about producing work that you are genuinely proud of, because it speaks for you and because it impacts your readers. This class is for the serious student of writing. Over the course of the semester we will read non-fiction and fiction; we will study the material for content (what it’s saying to us) and technique (how it achieves its effects); and we will produce 3-4 essays of at least five pages each. Have I mentioned: This class is for the serious student of writing.",,,
EES87QDR,STORIES ON STAGE ENG7,FALSE,SELECTIVE,,ENGLISH,GROSSMAN,FALL,"RISING SENIORS, DID NOT TAKE THE CLASS ALREADY","STORIES ON STAGEWhat makes theater exciting? What makes it dangerous? What does performance offer that reading does not? This course will explore how theater makers of different cultures and eras have answered these questions as we study the structure of stories and the tools we use to tell them on stage. As we read theatrical works and historical sources from diverse but connected traditions, we will consider the role of costume, mask and makeup, movement, and stage space in establishing character, developing plot, and evoking emotion. Students will learn to think like performers, producers, and critics; assessments will include performances, creative projects, and written reflections. This is a course for students who are interested in theater, history, or storytelling in any medium.Works studied may be drawn from traditions including classical Greek tragedy, feudal Japanese nō, Yuan Dynasty zaju, 17th-century French and Spanish drama, 19th-century Italian opera, and 20th-century movements including realism, epic (Brechtian) drama, post-colonialism, and devised theater. This class is open to 11th and 12th grade students as a selective.Essential QuestionsWhat are the core components of a story?What methods and materials do theater makers use to tell stories?What kinds of stories get told on stage? Who is represented? What conflicts are investigated? What counts as resolution?What opportunities does live performance afford? What challenges does it present? What risks does it pose? What feelings should it inspire?How can performing help us understand stories and texts? How can we use performance to develop and communicate our interpretation of stories and texts?",,,
EES87QFS,SCIENCE FICTION ENG7,FALSE,SELECTIVE,,ENGLISH,GROSSMAN,FALL,"RISING SENIORS, DID NOT TAKE THE CLASS ALREADY","In this course, you will be exposed primarily to works which deal with the scientific and technological ingenuity of man (the science fiction genre) and to works which deal with magic and the supernatural (the fantasy genre). It is worth noting that these two genres often overlap, and are frequently subsumed under the umbrella term “speculative fiction” (or “SF”), which also includes superhero fiction, horror, utopian/dystopian fiction, and so on. (So we are likely to read some of that stuff too.) We will spend the first part of the semester exploring the history of these genres, looking at classic, canonical examples and trying to develop a working vocabulary: what makes a story an example of science fiction or fantasy? What are the key features of these sorts of texts? How have the genres evolved (or stagnated)? We will then move on to look at more diverse, contemporary examples, focusing especially on works that in some way challenge or play with the conventions we saw in the classic texts. In addition to reading and analyzing traditional texts (short stories and novels), we will also examine the range of other media in which science fiction and fantasy stories have been told, from film and television to comic books and video games. The semester will culminate in a creative project, where you will create your own work of science fiction or fantasy in a medium of your choice.",,,
EES87QMC,WRITING TO MAKE CHANGE ENG7,FALSE,SELECTIVE,,ENGLISH,GROSSMAN,FALL,"RISING SENIORS, DID NOT TAKE THE CLASS ALREADY","Much of the writing we do in English classes is for an audience of one: the teacher. The focus of this writing workshop course will be to generate and craft public writing for a larger audience: writing that moves beyond the classroom, and even beyond the walls of the school. In the first third of the course, we will study writing in a variety of genres, including personal essay/memoir, fiction, drama, op-eds, poetry, and the graphic novel/the infographic. We will write in response to invitations, identifying issues we are passionate about, and forms—including hybrid forms—we are eager to explore. In the second part of the course, students will identify their pressing issue and the audience they want to address, and embark on an independent study researching what has been written about that issue and determining what they will add to this conversation. Each student will write up a proposal for their final project: a piece of public writing that will go out into the world to make change. The final weeks of the course will be devoted to developing, drafting, and revising pieces for publication. By the end of the semester, each student will take action by putting their writing out into the world through publication, contest submission, performance, or some other means. This writing workshop class will be open to juniors and seniors as an English selective.",,,
EES87QPW,POETRY ENG7,FALSE,SELECTIVE,,ENGLISH,GROSSMAN,FALL,"RISING SENIORS, DID NOT TAKE THE CLASS ALREADY","This course incorporates the study of poetry with the writing of poetry. We’ll begin with some contemporary writers, explore rhythm, rhyme, and the complex forms, particularly those from Asia and the Middle East, take two weeks to experiment with risks and new approaches, jump back in time to study several of America’s most celebrated voices, and close with a unit on spoken word. Along the way we’ll study poets ranging from Walt Whitman to Aimee Nezhukumatathil, Emily Dickinson to Jason Koo. We’ll also look closely at two full books by John Yau and Claudia Rankine as we imagine what our own final collections might look like. Perhaps most importantly, we’ll be focusing on your writing and the writing of your classmates past and present. As my former student Disi Chen once wrote, “This is not only a class where you write to express but also listen to learn. You’ll be surprised when you hear the poetry of others and realize that everyone has so much to say in so many different styles, you included.” Most Wednesdays will be devoted to workshops, and most Fridays will involve readings or recitations. Seven times during the course of the semester, I will comment on individual poems, and at the end of the term you will have an opportunity to collect and present your ten best poems in a chapbook. Three times during the course of the semester, you’ll memorize and recite a poem of your choice that is over twelve lines.",,,
EES87QWR,WRITING IN THE WORLD ENG7,FALSE,CORE,,ENGLISH,GROSSMAN,FALL,"RISING SENIORS, CORE","Stuyvesant seniors have one foot in the past and one foot in the future; the Writing in the World curriculum is meant to honor and reflect this unique crossroads. The course includes literature that expands upon the European and American traditions of sophomore and junior years, and writing assignments that prompt seniors to reflect upon their four years at Stuyvesant and to look towards college and beyond. During the semester, students will read major works of literature that enter into conversation with each other and with historical events. While some of the works studied may revisit the European and American canons of sophomore and junior year, syllabi will focus on works from beyond Europe and America, and much of the literature will move beyond the canon. For instance, a more traditional text like Jane Eyre may be paired with Jean Rhys’s Wide Sargasso Sea, a postcolonial prequel to Bronte’s novel, or Patricia Park’s Re Jane, a Korean-American retelling of the story. Writing assignments are intended to consolidate and reinforce the skills that students have acquired over the previous three years, including research and citation, and to provide opportunities for taking stock of those years and contemplating what lies ahead. Students will write pieces that ask them to join the larger academic and cultural conversations of our time, from college-level academic writing to other forms that exist outside of academia. Seniors taking the class in the fall term will complete a personal/college essay as a first assignment; seniors taking the class in the spring will complete a comprehensive culminating assignment that prompts them to reflect on the semester and/or their years at Stuyvesant.",,,
EES87QWS,SHAKESPEAREAN LIT ENG7,FALSE,CORE,,ENGLISH,GROSSMAN,FALL,"RISING SENIORS, CORE","While we will read, discuss and analyze the plays of Shakespeare in a traditional manner, this class will primarily center around performance. And while it is great to understand and analyze Shakespeare's characters and language, we do feel your understanding of his plays can be deepened by being on your feet, reading lines aloud, and acting out key scenes. Consequently, while students should expect significant reading and writing assignments, much of the work this semester will be done in class. Through read-outs, recitations, small group assignments and full-length performances, we will have lots of fun bringing the works of Shakespeare to life. Furthermore, we do want you to take risks and to move out of your comfort zone in this course. Therefore, it is imperative that this environment feels supportive and encouraging - especially for those of us who are shy and might have some stage fright. Consequently, building a strong, fun and creative classroom community is essential to achieving this",,,
EES87QWV,WOMENS VOICES ENG7,FALSE,CORE,,ENGLISH,GROSSMAN,FALL,"RISING SENIORS, DID NOT TAKE THE CLASS ALREADY","Women’s Voices is open to seniors who wish to examine issues of power dynamics, sexuality, body-image, relationships, representation, and gender roles - from a solely female perspective. Reading works written only by women, we will investigate our own assumptions and prejudices, and examine the ways in which these issues have been treated by a number of women authors throughout history. We will focus both on the subjects these women bring up and the ways in which they write, expressing their voices in forms often different from those used by their male counterparts. We will also examine the ways in which women bring other aspects of their identity - race, class, sexual orientation - into their work. Writing assignments will include personal reflections, analytical papers, and creative pieces. Active participation in class discussion is essential. Course content is discussed in a liberal manner; have an open mind and be respectful of others' opinions. This course is offered in both the fall and spring semesters, but may only be taken for one term. Women’s Voices will challenge you to rethink everything you thought you knew in a safe, collaborative environment.",,,
EES87QWW,WRITERS WKSP ENG7,FALSE,SELECTIVE,,ENGLISH,GROSSMAN,FALL,"RISING SENIORS, DID NOT TAKE THE CLASS ALREADY","This course is designed to make students aware of the wide-variety of techniques used by fiction writers and to guide students in practicing those techniques in their own fiction. The primary focus will be on semi-autobiographical realistic short fiction, but opportunities to experiment with science fiction, fantasy, and other genres will be available.Writers considered in recent semesters include Langston Hughes, Stephen Crane, F. Scott Fitzgerald, Ernest Hemingway, John Cheever, Donald Barthelme, James Thurber, Jack London, William Faulkner, and Grace Paley, as well as successful examples from past and present students of the course.Class discussions will consider the effectiveness of a variety of pieces of fiction along with the theory of fiction writing. Students will produce original fiction and devote effort to editing the fiction of classmates. Assigned readings will be for the purpose of identifying writing techniques, discussing fiction writing theory, evaluating the choices that fiction writers make, and building a community of writers.",,,
EES87X3,AP ENG LIT - GREAT BOOKS,TRUE,CORE,,ENGLISH,GROSSMAN,FALL,"RISING SENIORS, AP ENGLISH LIT, SUBJECT AVG ≥ 92","This yearlong class is designed for dynamic seniors who are eager to challenge themselves as readers, to experiment with a variety of writing assignments and to contribute to our daily discussions about the literature. It is considered an Advanced Placement course, and students are encouraged to take the Advanced Placement Literature and Composition exam in the spring. Applicants for the class must have at least a 92% English average. While the syllabus may vary slightly from year to year, Great Bookies should expect to study at least fifteen major literary works over the course of the year. Despite the diversity of cultures, eras and styles that they represent, these books are linked thematically, and we will explore the connections among them. We will also focus on how the Modernist and Post-Modern movements used increasingly sophisticated narrative techniques to convey increasingly complex ideas. While the vast majority of these works were written within the last century, many of them are universally hailed as classics, but several are so new that there is no critical consensus to establish their enduring merit. Over the course of the year, we'll come to our own conclusions about the meaning and value of Great Books, and the role that literature plays in our own lives.",,,
EES87X5,AP ENG LIT - SOCIETY & SELF,TRUE,CORE,,ENGLISH,GROSSMAN,FALL,"RISING SENIORS, AP ENGLISH LIT, SUBJECT AVG ≥ 92","Society and Self is a year-long course focusing on the ways that individuals define themselves in the context of wider social forces - religious, cultural, political, economic, and technological. We’ll read books to help us think about ways stories help shape our sense of our selves and of what is possible in the world. While there are a million books I’d love to have time to read with students, we’re limited to two semesters, so readings will come from a long list of potential novels, plays, poems, and works of nonfiction. Some are quite old (like the folktales of One Thousand and One Nights and the moral challenges of John Milton’s Paradise Lost and William Shakespeare’s Hamlet), some quite recent (like Ta Nehisi Coates’s memoir Between the World and Me and Mohsin Hamid’s magical-realism refugee novel Exit, West). We’ll read stories about monumental historical moments (like Alexander Solzhenitsyn’s One Day in the Life of Ivan Denisovich, J. M. Coeztee’s Disgrace, and Beowulf - the story of a heroic kingdom facing monstrous threats). We’ll read some books that focus on the development of the self (like Virginia Woolf’s To the Lighthouse, Helen Oyeyemi’s Boy, Snow, Bird, and Jeffrey Eugenides’s Middlesex). We’ll read books that challenge us to think about our moral choices (like Vladimir Nabokov’s Lolita, William Maxwell’s So Long, See You Tomorrow, and Jeanette Winterson’s The Passion). And we’ll read some books that push our expectations about what writing can do (like David Mitchell’s Cloud Atlas, Julian Barnes’s A History of the World in 10 ½ Chapters, Paul Auster’s New York Trilogy, and Laurence Sterne’s Tristram Shandy). We’ll write in a variety of styles. Sometimes we’ll write analytical papers to help understand and challenge the works we’re reading. Other times we’ll write as a way to emulate the books we’ve read, or as narrative explorations of the ideas raised in our texts and conversations.",,,
EES87XGP,AP ENG LIT GLOBAL PERSPECTIVES,TRUE,CORE,,ENGLISH,GROSSMAN,FALL,"RISING SENIORS, AP ENGLISH LIT, SUBJECT AVG ≥ 92","As seniors, you are preparing to leave Stuyvesant and become citizens of the world who will attend diverse institutions, study abroad, and vote. It will serve you well to have read not only global history, but first-hand global narratives: literature that provides compelling and authentic insight to cultures that are underrepresented in the traditional European and American canons. Global Perspectives will offer students fiction and nonfiction from Africa, Asia, and South America, and by African-Americans, Native Americans, and women. Each student brings his or her own set of unique experiences to a reading, which creates another layer of “global perspectives” within the classroom each day. Our discussions will help students both feel more at home in the world, seeing their own family’s experiences and values reflected, and expand their worldview by developing a better understanding of new cultures. Assignments will ask students to both analyze these texts and express personal growth as a reader and thinker. A culminating senior portfolio will be modeled after Azar Nafisi’s Reading Lolita in Tehran: A Memoir in Books. (Reading at Stuyvesant…)",,,
EJS11,ADV JOURNALISM,FALSE,ELECTIVE,,ENGLISH,GROSSMAN,BOTH,BY LIST,,,,
FFS61QE,FRENCH I  1 OF 2 ENRICHED,TRUE,CORE,,LANGUAGE,YU,FALL,FRESHMEN,,,,
FFS63,FRENCH II  1 OF 2,TRUE,CORE,,LANGUAGE,YU,FALL,STUDENTS TAKING FFS62QE,,,,
FFS65,FRENCH III  1 OF 2,TRUE,CORE,,LANGUAGE,YU,FALL,STUDENTS TAKING FFS64,,,,
FFS87X,AP FRENCH IV 1 OF 2,TRUE,ELECTIVE,,LANGUAGE,YU,FALL,"TAKING FRENCH III, SUBJECT AVG ≥ 92",AP World Language students are encouraged to pursue the NYS Seal of Biliteracy,,,
FGS61,GERMAN I  1 OF 2,TRUE,CORE,,LANGUAGE,YU,FALL,FRESHMEN,,,,
FGS63,GERMAN II  1 OF 2,TRUE,CORE,,LANGUAGE,YU,FALL,STUDENTS TAKING FGS62,,,,
FGS65,GERMAN III  1 OF 2,TRUE,CORE,,LANGUAGE,YU,FALL,STUDENTS TAKING FGS64,,,,
FGS87X,AP GERMAN LANGUAGE AND CULTURE 1 OF 2,TRUE,ELECTIVE,,LANGUAGE,YU,FALL,"TAKING GERMAN III, SUBJECT AVG ≥ 90",AP World Language students are encouraged to pursue the NYS Seal of Biliteracy,,,
FJS61,JAPANESE I 1 OF 2,TRUE,CORE,,LANGUAGE,YU,FALL,FRESHMEN,,,,
FJS63,JAPANESE II 1 OF 2,TRUE,CORE,,LANGUAGE,YU,FALL,STUDENTS TAKING FJS62,,,,
FJS65,JAPANESE III 1 OF 2,TRUE,CORE,,LANGUAGE,YU,FALL,STUDENTS TAKING FJS64,,,,
FJS87X,AP JAPANESE IV 1 OF 2,TRUE,ELECTIVE,,LANGUAGE,YU,FALL,"TAKING JAPANESE III, SUBJECT AVG ≥ 90",AP World Language students are encouraged to pursue the NYS Seal of Biliteracy,,,
FLS61QE,LATIN I ENRICHED 1 OF 2,TRUE,CORE,,LANGUAGE,YU,FALL,FRESHMEN,,,,
FLS63,LATIN II  1 OF 2,TRUE,CORE,,LANGUAGE,YU,FALL,STUDENTS TAKING FLS62QE,,,,
FLS65,LATIN III  1 OF 2,TRUE,CORE,,LANGUAGE,YU,FALL,STUDENTS TAKING FLS64,,,,
FLS87X,AP LATIN IV 1 OF 2,TRUE,ELECTIVE,,LANGUAGE,YU,FALL,"TAKING LATIN III, SUBJECT AVG ≥ 90",AP World Language students are encouraged to pursue the NYS Seal of Biliteracy,,,
FMS61QE,MANDARIN I 1 OF 2 ENRICHED,TRUE,CORE,,LANGUAGE,YU,FALL,FRESHMEN,,,,
FMS63,MANDARIN II 1 OF 2,TRUE,CORE,,LANGUAGE,YU,FALL,STUDENTS TAKING FMS62QE,,,,
FMS65,MANDARIN III 1 OF 2,TRUE,CORE,,LANGUAGE,YU,FALL,STUDENTS TAKING FMS64,,,,
FMS87X,AP CHINESE IV 1 OF 2,TRUE,ELECTIVE,,LANGUAGE,YU,FALL,"TAKING MANDARIN III, SUBJECT AVG ≥ 94",AP World Language students are encouraged to pursue the NYS Seal of Biliteracy,,,
FQS11QLC,INTRO TO LINGUISTICS AND CONLANGS,FALSE,ELECTIVE,,LANGUAGE,YU,BOTH,,To learn linguistics via creating our own fictional languages. We will also learn to interpret the relation between linguistic structures of certain languages and the cultures and histories of the people that speak them.,,,
FSS61QE,SPANISH I  1 OF 2 ENRICHED,TRUE,CORE,,LANGUAGE,YU,FALL,FRESHMEN,,,,
FSS63QE,SPANISH II 1 OF 2 ENRICHED,TRUE,CORE,,LANGUAGE,YU,FALL,STUDENTS TAKING FSS62QE,,,,
FSS65,SPANISH III  1 OF 2,TRUE,CORE,,LANGUAGE,YU,FALL,STUDENTS TAKING FSS64QE,,,,
FSS87QT,SPANISH IV 1 OF 2 HISPANIC THEMES,TRUE,ELECTIVE,,LANGUAGE,YU,FALL,RISING JUNIORS/RISING SENIORS,Year long fourth level Spanish course.  Grammar is reviewed through literature. Students are prepared to communicate at a more advanced level. Students will be able to express themselves in the target language focusing on various themes presented by the authors studied.,,,
FSS87X,AP SPAN LANG IV 1 OF 2,TRUE,ELECTIVE,,LANGUAGE,YU,FALL,"TAKING SPANISH III, SUBJECT AVG ≥ 94",AP World Language students are encouraged to pursue the NYS Seal of Biliteracy,,,
HES11,ECONOMICS,FALSE,CORE,,SOCIAL STUDIES,SURI,BOTH,RISING JUNIORS THAT HAVE PASSED US HISTORY/RISING SENIORSNYS GRADUATION REQUIREMENT,"Introduction to economic analysis and its application. Among the topics studied will be: the theory of supply and demand, costs and revenue of the firm under various levels of competition, the factors of production, the stock market, labor, agriculture, the distribution of income, monetary and fiscal policy, banking, inflation, taxes, government spending, international trade and comparative economic systems.",,,
HES21X,AP MACROECONOMICS,TRUE,CORE,,SOCIAL STUDIES,SURI,FALL,"RISING SENIORS, PASSED US HISTORY, 1 TERM COURSE, COUNTS AS 1 AP, FALL ONLY, SUBJECT AVG ≥ 91","This course offers an introduction and solid grounding in basic economic principles. Macroeconomics focuses on the “big picture,” with an emphasis on the performance of the domestic and international economy.  The course analyzes the methods for measurement of economic performance, investigates the study of a nation’s economy on an aggregate basis, examines the policy alternatives facing an economy, and describes the relationships of countries in international trade and currency markets.",,,
HGS41,GLOBAL STUDIES 9 1 OF 2,TRUE,CORE,,SOCIAL STUDIES,SURI,FALL,FRESHMEN,The course is a chronological study of world history. HGS41 will examine history's culture from the Ancient World to the Crusades. The HGS42 course will start with Feudalism and continue to approximately 1770.,,,
HGS41XHG,AP HUMAN GEOGRAPHY 9 1 OF 2,TRUE,CORE,,SOCIAL STUDIES,SURI,FALL,FRESHMEN,"AP Human Geography is a year-long college level course designed for students entering the 9th grade. Students who are interested in history, geography and cultural anthropology are encouraged to apply. The AP Human Geography course is the equivalent of a college survey course in modern Human Geography. As the College Board states, “The purpose of the AP Human Geography course is to introduce students to the systematic study of patterns and processes that have shaped human understanding, use, and alteration of Earth’s surface. Students employ spatial concepts and landscape analysis to examine human social organization and its environmental consequences. They also learn about the methods and tools geographers use in their science and practice.” Students taking this course will still be eligible for AP World or AP European History their sophomore year.",,,
HGS43,GLOBAL STUDIES 10 1 OF 2,TRUE,CORE,,SOCIAL STUDIES,SURI,FALL,SOPHOMORES,This is the required Social Studies course for students in the tenth grade.The combined courses are designed to familiarize the student with the history of the world starting at the Age of Revolutions and ending with modern day events.,,,
HGS43XE,AP EURO HIST 10 1 OF 2,TRUE,CORE,,SOCIAL STUDIES,SURI,FALL,"RISING SOPHOMORES, SUBJECT AVG ≥ 91","In this course, students develop their understanding of European history through analyzing historical sources and learning to make connections and craft historical arguments as they explore concepts like interaction of Europe and the world; economic and commercial developments; cultural and intellectual developments; states and other institutions of power; social organization and development; national and European identity; and technological and scientific innovation. (Adapted from the College Board)",,,
HGS43XW,AP WORLD HISTORY 10 1 OF 2,TRUE,CORE,,SOCIAL STUDIES,SURI,FALL,"RISING SOPHOMORES, SUBJECT AVG ≥ 91",This course is designed to familiarize the student with the history of the world starting at 1200 CE and ending with modern day events. This course will prepare students to take the Advanced Placement World History examination.,,,
HQS21XAA,AP AFRI  AM STUD 1 OF 2,TRUE,ELECTIVE,,SOCIAL STUDIES,SURI,FALL,JUNIORS/SENIORS,"The interdisciplinary course reaches into a variety of fields—literature, the arts and humanities, political science, geography, and science—to explore the vital contributions and experiences of African Americans” ( College Board). This year-long elective class will be open to juniors and seniors.",,,
HRS11QEJ,JEWISH HISTORY,FALSE,ELECTIVE,,SOCIAL STUDIES,SURI,FALL,"RISING sophomores, JUNIORS/RISING SENIORS SUBJECT AVG ≥ 91","Some central questions we will examine are: How was Judaism a revolutionary religion? How did the Diaspora affect the Jewish people and the religion? What was the nature of the reciprocal relationship in which Judaism took, learned, and borrowed from the civilizations of other peoples while simultaneously contributing to those civilizations? Considering the minute Jewish global demographic, why have there been so many Jewish geniuses from Einstein to Kafka to Freud? What accounts for the rise of anti-Judaism and its modern counterpart, political and racial anti-semitism? We will also look at the diversity of the Diaspora, ranging from Iraqi and Ethiopian Jews to the Jews of Central Asia.We will also look at contemporary issues: Why is America’s Jewish community so divided today? How have issues such as feminism, homosexuality, intermarriage, assimilation, and Zionism created great fault lines within American Jewry? What constitutes Jewish identity today? We will also look at Jewish humor, learn a bit of Yiddish, explore grandma’s recipes for chopped liver and schmaltz, listen to klezmer music, and read the stories of the Jewish literary masters such as I.B. Singer, Bernard Malamud, Isaac Babel, and Philip Roth.One of the highlights of the course is our visit to the historic Lower East Side to bear witness to the vibrant, dynamic community that Jewish intellectuals, bankers, factory workers, anarchists, socialists, and gangsters created over a hundred years ago. We will compare and contrast different synagogues’ architectural styles, marvel at the beauty of the Yiddish Forward building, and eat salty pickles and greasy pastrami at Katz’s Deli. We may also visit the Jewish Museum, The Museum of Jewish Heritage, the Center for Jewish History, and Satmar Williamsburg.",,,
HRS11QMA,HISTORY OF THE MIDDLE AGES,FALSE,ELECTIVE,,SOCIAL STUDIES,SURI,FALL,RISING SOPHOMORES/RISING JUNIORS/RISING SENIORS,"The Middle Ages is a semester long course examining the millennium between the Classical period and the modern era. It is a fascinating topic. Violent, inspired, alien and yet part of our heritage in the West.New York offers a unique opportunity to dive deeply into this subject matter. Field study at the Cathedral of Saint John the Divine on Amsterdam & 112th; as well as the Cloisters, will be an important component of the course. Political, cultural, and economic history will be emphasized. To a certain degree this course will serve as a “prequel”, if you will, to the AP European History course which starts with Petrarch atop Mount Ventoux. This course will finish with Richard III struck down in the mud at Bosworth Field.",,,
HRS21QPT,WESTERN POLITICAL THEORY 1,TRUE,ELECTIVE,,SOCIAL STUDIES,SURI,FALL,RISING JUNIORS/RISING SENIORS,"We will begin with ancient Greek thinkers like Thucydides, Plato and Aristotle, move through the medieval era with Augustine and Aquinas and then conclude with modern philosophers like Hobbes, Rousseau, Locke, Kant, Marx, Dostoevsky, Nietzsche and more. By the time we are finished, students should have mastered the basics of western political philosophy."" Full year course.",,,
HRS11QMW,HISTORY OF THE ISLAMIC WORLD,FALSE,ELECTIVE,,SOCIAL STUDIES,SURI,FALL,RISING JUNIORS/RISING SENIORS,"History of the Islamic WorldWho should take this course?Students who are interested in global history, or the Islamic world, or just looking at history through another lens. Muslims and non-Muslims welcome!What will we be studying?Caliphates, sultanates, math, science, geography, trade, mysticism, reform, gender, and politics, from the time just before Islam through the present.Is this a religion course?This is a history course, about the Islamic World. We will discuss issues of religion, but this is not a theology course. No background in religion is expected, and no answers to religious quandries will be given.How is the course taught?An emphasis will be placed on class discussion. Our main textbook will be the very readable, almost novel-like Destiny Disrupted, supplemented by other readings, in class and for homework.Will homework be time-consuming?Homework will be graded on basic completion only, so time spent is flexible. It will mostly be reading and breif responses to start discussions.Will there be tests?One multiple choice test, one in-class essay, and two geography quizzes.Research papers?Two, with the topics up to you.Pre-requisites:9th and 10th grade global history.This is a two term course, students my take either semester or both semesters.",,,
HRS11QT,THE AGE OF EXTREMES IN THE MODERN AGE,FALSE,ELECTIVE,,SOCIAL STUDIES,SURI,FALL,,"This course, “The Age of Extremes,” traces the first half of one of the most volatile centuries in human history where the 19th-century dream of progress collided with the reality of total war and industrial genocide. We will examine the “psychic break” of western thought—from Darwin and Freud upending the rational mind to the rise of totalitarian giants like Stalin and Hitler who sought to rebuild the “New Man” through secret police, state-sanctioned terror, and biological erasure. You’ll investigate how the violence of the colonial “laboratory” boomeranged back to Europe, turning Europe, Japan, and other areas of the East into a graveyard of broken images and surrealist dreams. By analyzing the machinery of fascism and militarism, the paranoia of the Cold War, and the current collapse of global orders, you will gain the radical historical literacy needed to navigate today’s hyper-polarized world and the fragile nature of the global order. If you want to understand how power is truly wielded and how our “Post-Modern” era was forged in the fire of the Gulag, the collective farm, and the bunker, take this course.Most of the homework will be excerpts from primary sources and some secondary sources. Class time will be divided between lessons on topics as well as discussion based on the homework and in-class reading. Assessments will be a combination of written exams and presentations.",,,
HSS85QJI,SOCIAL SCIENCE  RESEARCH 5,TRUE,CORE,,RESEARCH,SURI,FALL,"RISING JUNIORS, SUBJECT AVG ≥ 91","Students will learn the elements of social research theory and design, including ways of defining and measuring social variables. We will look at examples of research, paying special attention to the ways in which data are used in the social sciences. Students will develop an independent research project, and submit a research proposal with a fully-specified methodology and scheduled plan of action for completing the project.",,,
HSS87QJI,SOCIAL SCIENCE  RESEARCH 7,TRUE,CORE,,RESEARCH,SURI,FALL,PASSED HSS86QJI,"Students will further develop techniques of quantitative data analysis and social statistics relevant to their projects.   Students will complete analysis and learn to organize and present their results in a research report, a posterboard, and a slideshow presentation.",,,
HTS11X,AP COMPARATIVE GOVT&POLITICS,FALSE,ELECTIVE,,SOCIAL STUDIES,SURI,SPRING,"RISING SENIORS, 1 TERM COURSE, COUNTS AS 1 AP, SPRING ONLY","A comparative study of six nations--Britain, Russia, China, Nigeria, Mexico and Iran--serves as a core of the course. By examining the political implications of different types of social and economic development, students become familiar both with general political concepts and with a broad array of specific issues, and they are able to use their knowledge as a template for examining contemporary events in other countries.",,,
HUS21,US HISTORY 1 OF 2,TRUE,CORE,,SOCIAL STUDIES,SURI,FALL,JUNIORS,"This is a required course that is normally taken during the junior. Students who come to Stuyvesant with advanced standing in Social Studies may take this course as sophomores. The fall covers Pre-Revolutionary America, the American Revolution, Federalist Period, Early Republic, Jacksonian Era, Sectional Divisions, the U.S. Civil War, and Reconstruction. The spring covers the conquest of the frontier and the industrialization of America in the second half of the nineteenth century, the progressive era at the turn of the twentieth century, World War I, the ""Roaring 20's,"" the Depression 30's, World War II, ""The Cold War,"" and the many changes in American life since the Second World War.",,,
HUS21X,AP US HISTORY 1 OF 2,TRUE,CORE,,SOCIAL STUDIES,SURI,FALL,"RISING JUNIORS, SUBJECT AVG ≥ 91",This course examines the history of the United States from 1491 to the present with an emphasis on analysis of primary documents and skills needed to be successful on the AP examination in United States History.,,,
HUS21H,US HISTORY ADVANCED STUDIES 1 OF 2,TRUE,CORE,,SOCIAL STUDIES,SURI,FALL,"RISING JUNIORS, SUBJECT AVG ≥ 92","NOTE: Because of its rigor, this course will count toward the AP Limit; however, students will not be allowed to take the AP US History exam at Stuyvesant. Students will take the NYS Regents exam.Who should take this course?Students who have completed Global 3 and 4 or AP World History or AP European History and who are interested in an intellectually rigorous course in United States History. This course fulfills the NYS US History requirement.What will we be studying?This course examines the history of the 13 colonies and the United States from 1607 up to the post-Cold War era. There will also be an emphasis on historiography.What will be expected of me?All assessments will be in-class handwritten expository essays, or short response. There will also be simulations. These will be collaborative, though ultimately requiring students to individually stand and deliver.  Document analysis will be more deliberate, and less an obstacle course.How is the course taught?Lessons will be taught using the developmental lesson first pioneered at Columbia U - Teacher's College in the 1920's. Critical thinking and student participation are crucial.What are the completion requirements?Completing one's homework is essential to classroom discussion and is mandatory for each student. Grading is based on the Social Studies Department grading policies.Details and pre/co-requisites:Students should have at least a 92% average in Social Studies.",,,
HVS11,PART IN GOVT,FALSE,CORE,,SOCIAL STUDIES,SURI,BOTH,RISING JUNIORS THAT HAVE PASSED US HISTORY/RISING SENIORSNYS GRADUATION REQUIREMENT,"This course provides introduction to key political concepts, ideas, institutions, policies, interactions, roles, and behaviors that characterize United State government. Students will study U.S. foundational documents, Supreme Court decisions, and other texts to gain an understanding of the relationships and interactions among political institutions, processes, and behavior.",,,
HVS11X,AP US GOV POL,FALSE,CORE,,SOCIAL STUDIES,SURI,FALL,"PASSED US HISTORY, 1 TERM COURSE, COUNTS AS 1 AP, SUBJECT AVG ≥ 91","The course deals with the dynamics of politics in America. We will be studying the American political system at the national level. Included will be a study of lobbies, forms of political participation, elections, political parties, and national political institutions: the Presidency , the Congress, the Judiciary.","{""and"":[{""or"":[{""passed"":[""Student"",""HUN11A""]},{""passed"":[""Student"",""HUW11""]},{""passed"":[""Student"",""HUS22""]},{""passed"":[""Student"",""HUS22X""]},{""taking"":[""Student"",""HUS22""]},{""taking"":[""Student"",""HUS22X""]}]},{"">="":[{""subject_gpa"":[""H""]},""91""]},{"">="":[""grade"",""10""]}]}",,TRUE
KLS11QCP,CPR AND FIRST AID TRAINING,FALSE,ELECTIVE,,HEALTH,MORAN,BOTH,PASSED PHS11,"The importance and purpose of this course is to help students build up skills on how to identify and eliminate potentially hazardous conditions in their environment, recognize different types of emergencies, and take appropriate actions for first aid care and CPR. It teaches students lifesaving skills necessary for them to provide immediate care for a suddenly ill or injured person until more advanced medical care arrives. Students will get certified for CPR and first aid after completing this course and meeting all the requirements.",,,
MCPREC,HONORS PRECALC & AP CALC BC,TRUE,CORE,,MATHEMATICS,SMITH,FALL,SUBJECT AVG >= 94% and HONORS ALGEBRA 2 GRADE >= 92%,"This is a double-period course that includes, but will not be limited to, the content of the Honors Pre-Calculus and AP Calculus BC courses. Priority will be given to students coming from the Honors Algebra 2 course, but approval for the course is based largely on teacher recommendation. Students will be prepared for the AP Calculus BC exam in May.",,,
MCS11,CALCULUS APPLICATIONS,TRUE,CORE,,MATHEMATICS,SMITH,BOTH,PASSED PRECALCULUS OR TAKING MQS11QPF (FROM LIST),Calculus Applications is a one semester non-AP Calculus course in which students are introduced to concepts typical of a year-long calculus course.  There is an emphasis on some of the practical applications in calculus related to real-world problems.  A student who completes this course will have a good background for an introductory college-level calculus course.,,,
MCS21QDE,DIFFERENTIAL EQUATIONS I OF II,TRUE,ELECTIVE,,MATHEMATICS,SMITH,FALL,PASSED MCS44X,"Unlock a mathematical framework for studying change. A comprehensive introduction to theory and practice of solving differential equations, with a focus on real-world applications. Discover tools used to model and understand developing systems in fields of physics, engineering, and biology. Learn how to solve equations describing rates of change, explore qualitative methods for visualizing solutions, and utilization of exploring natural phenomena. Focus of study: First order equations; higher order linear equations with constant coefficients, undetermined coefficients, variation of parameters, applications; Euler's equation, series solutions, special functions, Laplace Transform; linear systems; elementary partial differential equations and separation of variables; Fourier series.",,,
MCS21X,AP CALC AB 1 OF 2,TRUE,CORE,,MATHEMATICS,SMITH,FALL,"SUBJECT AVG ≥ 88, TAKING/PASSED PRECALC","AP Calculus AB is roughly equivalent to a first semester college calculus course devoted to topics in differential and integral calculus. The AP course covers topics in these areas, including concepts and skills of limits, derivatives, definite integrals, and the Fundamental Theorem of Calculus. The course teaches students to approach calculus concepts and problems when they are represented graphically, numerically, analytically, and verbally, and to make connections amongst these representations. Students learn how to use technology to help solve problems, experiment, interpret results, and support conclusions.",,,
MCS43X,AP CALC BC 1 OF 2,TRUE,ELECTIVE,,MATHEMATICS,SMITH,FALL,"SUBJECT AVG ≥ 94, TAKING/PASSED PRECALC","AP Calculus BC is roughly equivalent to both first and second semester college calculus courses and extends the content learned in AB to different types of equations and introduces the topic of sequences and series. The AP course covers topics in differential and integral calculus, including concepts and skills of limits, derivatives, definite integrals, the Fundamental Theorem of Calculus, and series. The course teaches students to approach calculus concepts and problems when they are represented graphically, numerically, analytically, and verbally, and to make connections amongst these representations. Students learn how to use technology to help solve problems, experiment, interpret results, and support conclusions.",,,
MCS65C,MULTIVARIATE CALCULUS 1 OF 2,TRUE,ELECTIVE,,MATHEMATICS,SMITH,FALL,PASSED CALCULUS,"This course gives a thorough introduction to multivariable calculus and mathematical methods needed to understand real world problems involving quantities changing over time in two and three dimensions. Topics include vectors, lines, planes, curves, and surfaces in 3-space; limits, continuity, and differentiation of multivariable functions; gradient, chain rule, linear approximation, optimization of multivariable functions; double and triple integrals in different coordinate systems; vector fields and vector calculus in 2- and 3-space, line integrals, flux integrals, and integration theorems generalizing the Fundamental Theorem of Calculus (Green's theorem, Stokes' theorem and Gauss's theorem, also known as the divergence theorem).",,,
MES11,ALGEBRA 1 OF 1,FALSE,CORE,,MATHEMATICS,SMITH,BOTH,LIST PROVIDED BY AP,,,,
MGS21QE,EUCLIDEAN GEOMETRY ENHANCED 1 OF 2,TRUE,CORE,,MATHEMATICS,SMITH,FALL,FRESHMEN,"The fundamental purpose of the course in Geometry is to formalize and extend students’ geometric experiences from the middle grades. Students explore more complex geometric situations and deepen their explanations of geometric relationships, moving towards formal mathematical arguments. Important differences exist between this Geometry course and the historical approach taken in Geometry classes, namely the importance of constructions and transformations. Units of study include, but are not limited to: Congruence, Proof, and Constructions; Similarity, Proof, and Trigonometry; Extending to Three Dimensions; Connecting Algebra and Geometry through Coordinates; Circles with and Without Coordinates. As this is an honors course, it is designed to supplement the aforementioned course content, providing opportunities for greater abstraction and application.",,,
MGS21QT,EUCLIDEAN GEOMETRY 1 OF 2,TRUE,CORE,,MATHEMATICS,SMITH,FALL,FRESHMEN,"The fundamental purpose of the course in Geometry is to formalize and extend students’ geometric experiences from the middle grades. Students explore more complex geometric situations and deepen their explanations of geometric relationships, moving towards formal mathematical arguments. Important differences exist between this Geometry course and the historical approach taken in Geometry classes, namely the importance of constructions and transformations.Units of study include, but are not limited to: Congruence, Proof, and Constructions; Similarity, Proof, and Trigonometry; Extending to Three Dimensions; Connecting Algebra and Geometry through Coordinates; Circles with and Without Coordinates.",,,
MKS11QE,CS ETHICS,FALSE,ELECTIVE,,COMPUTER SCIENCE,PRABHU,BOTH,PASSED APCS OR NEXT CS,"Ethical concerns are frequently ignored in technical fields, but as a society we are discovering their immense importance. Algorithms can have unintended affects due to hidden bias, security and privacy can be affected negatively when decisions are made for technical merit or user convenience. Social media has ushered in myriad issues, from fake news to echo chambers, cyberbulling and more. As computer science has transcended the realm of research to become the substrate of all facets of modern life, the need has emerged to more critically consider the human component.This course is aimed at the student who has learned enough CS to be dangerous.We aim to equip any thinker capable of building powerful tools with an awareness of their ethical dimensions: their power, imbued by the developer, to effect ""good""/""evil""/other in our world. We do this by examining historical and contemporary case studies, by engaging in frequent in-class discussions and debates, by designing and implementing software and examining outcomes, by writing reports on findings throughout these endeavors.This course requires extensive reading, writing, coding, discussion, introspection and metaphysical consideration. Prospective students should be prepared to engage regularly in all six.",,,
MKS11QP,COMPUTATIONAL MEDIA-PYTHON,FALSE,ELECTIVE,,COMPUTER SCIENCE,PRABHU,BOTH,PASSED MKS22QA,"Focused on creative coding using the py5 Processing module for Python. It includes basic computational thinking concepts and works through core concepts such as abstraction, control flow, lists, and object-oriented programming.",,,
MKS21,CS FOUNDATIONS 1 OF 2,FALSE,CORE,,COMPUTER SCIENCE,PRABHU,BOTH,RISING SOPHOMORES,"Stuyvesant’s first semester of computer science introduces students to many major concepts in the field all while learning how to program. The course is split between Racket (formerly Scheme) and NetLogo. Students are given a strong foundation in computer science including an introduction to more advanced topics like recursion, state machines and cellular automata. The course culminates in a final project written in NetLogo.",,,
MKS21QA,CS FOUNDATIONS ANNUAL 1 OF 2,TRUE,CORE,,COMPUTER SCIENCE,PRABHU,FALL,RISING SOPHOMORES,"This class is a full year commitment, which will fulfill Stuyvesant's Computer Science and 5-Tech requirements. The first semester will cover the principles of computer science while programming in the Racket and NetLogo languages. Students will work individually and in pairs throughout the year programming and using CS concepts as problem solving tools. It will conclude with a final project and final exam. The second semester will cover the more practical side of computer programming using the Python language (with a few assignments using NetLogo and Racket). Students will also be introduced to data analysis and back-end web programming. It will conclude with a final project.",,,
MKS21QJI,SOFTWARE DEVELOPMENT 1 OF 2,TRUE,ELECTIVE,,COMPUTER SCIENCE,PRABHU,FALL,"COMP SCI ELECTIVE, PASSED AP COMP SCI OR PASSED NEXTCS","Students will learn how to develop complete solutions to problems using current computer technology. Working in groups, students will analyze a problem, design a solution, and form a working system to address the problem. Students will learn and use modern technologies. Probable tools and technologies include HTML/CSS, Javascript, Python, databases, and mobile technologies. Students will also learn how to use modern developmental tools including modern IDE's and revision control systems.",,,
MKS21X,AP COMP SCI A 1 OF 2,TRUE,CORE,,COMPUTER SCIENCE,PRABHU,FALL,"MKS21 (1 TERM INTRO CS) GRADE > 85, MKS21QA (YEARLONG INTRO CS) ≥ 85","Advanced Placement Computer Science A is a year long course taught using Java in the Processing graphical programming framework. It will cover data structures, algorithms and object oriented programming in a project-based, collaborative classroom. This class will cover the College Board’s APCS A curriculum as well as extra topics for enrichment. Students who complete APCS A will be able to apply to the advanced computer science electives in the following year.",,,
MKS21XH,AP COMP SCI A 1 OF 2 HONORS,TRUE,CORE,,COMPUTER SCIENCE,PRABHU,FALL,"MKS21 (1 TERM INTRO CS) GRADE > 95, MKS21QA (YEARLONG INTRO CS) ≥ 95","Stuyvesant’s Honors Advanced Placement Computer Science course is one year long. The first semester covers the basics of object oriented programming in Java and prepares students for more advanced data structures and algorithms to be covered in the second semester. These advanced topics are beyond the scope of the AP exam. Many were part of the more rigorous, but discontinued APCS AB exam. Topics form this semester include (but are not limited to) linked lists, stacks, queues, trees, quick sort, mergesort, and A*.",,,
MKS65C,SYSTEM LEVEL PROGRAMMING,FALSE,ELECTIVE,,COMPUTER SCIENCE,PRABHU,FALL,"COMP SCI ELECTIVE, PASSED AP COMP SCI OR PASSED NEXTCS","Who should take this course?Students interested in computer science or engineering.What will we be studying?This single semester college level course discusses machines at a low level using Assembly Language and C as the course tools. Topics include memory organization, interrupts, and computer representation of numbers and arithmetic.What will be expected of me?Students will be required to complete a number of programming projects. Class time will be spent in the computer lab so as to facilitate their completion.How is the course taught?The class will consist of a combination of classroom discussion and computer lab time.",,,
MKS66C,COMPUTER GRAPHICS,FALSE,ELECTIVE,,COMPUTER SCIENCE,PRABHU,BOTH,"COMP SCI ELECTIVE, PASSED AP COMP SCI OR PASSED NEXTCS","Over the course of the semester, students in Computer Graphics will write their own graphics engine, starting with line drawing and ending with lighting, shading and animation. The course is built around devising, writing and using the algorithms that are key to computer graphics. The class is not taught in any specific language because it is focused on the algorithms that students can choose to implement in a language of their choosing. Resources will be provided in C, Java and Python. APCS or Next may serve as a prerequisite for this course.",,,
MPS21H,PRE-CALCULUS HONORS 1 OF 2,TRUE,CORE,,MATHEMATICS,SMITH,FALL,IN MCPREC,"The main topics are Functions and Graphs, Polynomial Functions, Rational Functions, Exponential and Logarithmic Functions, Trigonometric Functions, Solving Polynomial Equations, Optimization Problems, Arithmetic and Geometric Sequences and Series, Conic Sections, Polar Graphing, Parametric Equations, Systems of Equations, Matrices, Determinants, and Vectors. As this is an honors course, it is designed to supplement the aforementioned course content, providing opportunities for greater abstraction and application.",,,
MPS21X,AP PRE CALC 1 OF 2,TRUE,CORE,,MATHEMATICS,SMITH,FALL,TAKING ALGEBRA II,"AP Precalculus centers on functions modeling dynamic phenomena. This research-based exploration of functions is designed to better prepare students for college-level calculus and provide grounding for other mathematics and science courses. In this course, students study a broad spectrum of function types that are foundational for careers in mathematics, physics, biology, health science, business, social science, and data science. Throughout this course, students develop and hone symbolic manipulation skills, including solving equations and manipulating expressions, for the many function types throughout the course. Students also learn that functions and their compositions, inverses, and transformations are understood through graphical, numerical, analytical, and verbal representations, which reveal different attributes of the functions and are useful for solving problems in mathematical and applied contexts. In turn, the skills learned in this course are widely applicable to situations that involve quantitative reasoning.",,,
MPS21XH,AP PRE CALC HONORS 1 OF 2,TRUE,CORE,,MATHEMATICS,SMITH,FALL,TAKING ALGEBRA II,"AP Precalculus centers on functions modeling dynamic phenomena. This research-based exploration of functions is designed to better prepare students for college-level calculus and provide grounding for other mathematics and science courses. In this course, students study a broad spectrum of function types that are foundational for careers in mathematics, physics, biology, health science, business, social science, and data science. Throughout this course, students develop and hone symbolic manipulation skills, including solving equations and manipulating expressions, for the many function types throughout the course. Students also learn that functions and their compositions, inverses, and transformations are understood through graphical, numerical, analytical, and verbal representations, which reveal different attributes of the functions and are useful for solving problems in mathematical and applied contexts. In turn, the skills learned in this course are widely applicable to situations that involve quantitative reasoning.",,,
MQS11QPF,PERSONAL FINANCE,TRUE,CORE,,MATHEMATICS,SMITH,BOTH,PASSED PRECALCULUS OR TAKING MCS11 (FROM LIST),"Personal finance and financial literacy are essential in meeting the financial challenge of the 21st Century. The competencies, which form the basis for this semester course, enable students to analyze their personal financial decisions, evaluate the costs and benefits of their decisions, recognize their rights and responsibilities as consumers, and apply the knowledge learned in school to financial situations encountered later in life.",,,
MQS21QAL,LINEAR ALGEBRA I OF II,TRUE,ELECTIVE,,MATHEMATICS,SMITH,FALL,PASSED CALCULUS,"Linear algebra is a branch of mathematics that is fundamental to many modern and applied sciences – like network theory, engineering, data science, and machine learning – however its core ideas are embedded in the standard high school curriculum. This course develops the important concepts of both theoretical and applied linear algebra through exploration, computation, and examples rooted in familiar algebraic and geometric principles. The first semester focuses on systems of equations, the geometry of linear transformations, and matrix algebra. In the second semester, linear algebraic tools such as eigenvalues, singular value decomposition, and principal component analysis are developed and applied to topics in statistics, differential equations, network theory, and data science. Students are encouraged and supported to develop independent projects aligned with their interests",,,
MQS81QP1,PROBLEM SOLVING 1 OF 8 LEVEL 1,FALSE,ELECTIVE,,MATHEMATICS,SMITH,FALL,LIST PROVIDED BY MATH TEAM,,,,
MQS83QP2,PROBLEM SOLVING 3 OF 8 LEVEL 2,FALSE,ELECTIVE,,MATHEMATICS,SMITH,FALL,LIST PROVIDED BY MATH TEAM,,,,
MQS83QP3,PROBLEM SOLVING 3 OF 8 LEVEL 3,FALSE,ELECTIVE,,MATHEMATICS,SMITH,FALL,LIST PROVIDED BY MATH TEAM,,,,
MQS85QP3,PROBLEM SOLVING 5 OF 8 LEVEL 3,FALSE,ELECTIVE,,MATHEMATICS,SMITH,FALL,LIST PROVIDED BY MATH TEAM,,,,
MQS85QP4,PROBLEM SOLVING 5 OF 8 LEVEL 4,FALSE,ELECTIVE,,MATHEMATICS,SMITH,FALL,LIST PROVIDED BY MATH TEAM,,,,
MQS87QP4,PROBLEM SOLVING 7 OF 8 LEVEL 4,FALSE,ELECTIVE,,MATHEMATICS,SMITH,FALL,LIST PROVIDED BY MATH TEAM,,,,
MRS21,ALGEBRA 2 1 OF 2,TRUE,CORE,,MATHEMATICS,SMITH,FALL,PASSED GEOMETRY,"Building on their work with linear, quadratic, and exponential functions, students extend their repertoire of functions to include polynomial, rational, and radical functions. Students work closely with the expressions that define the functions, and continue to expand and hone their abilities to model situations and to solve equations, including solving quadratic equations over the set of complex numbers and solving exponential equations using the properties of logarithms. Units of study include, but are not limited to: Polynomial, Rational, and Radical Relationships; Trigonometric Functions; Functions; Inferences and Conclusions from Data.",,,
MRS21H,ALGEBRA 2 HONORS 1 OF 2,TRUE,CORE,,MATHEMATICS,SMITH,FALL,PASSED GEOMETRY,"Building on their work with linear, quadratic, and exponential functions, students extend their repertoire of functions to include polynomial, rational, and radical functions. Students work closely with the expressions that define the functions, and continue to expand and hone their abilities to model situations and to solve equations, including solving quadratic equations over the set of complex numbers and solving exponential equations using the properties of logarithms. Units of study include, but are not limited to: Polynomial, Rational, and Radical Relationships; Trigonometric Functions; Functions; Inferences and Conclusions from Data.  As this is an honors course, it is designed to supplement the aforementioned course content, providing opportunities for greater abstraction and application.",,,
MSS21X,AP STATS 1 OF 2,TRUE,CORE,,MATHEMATICS,SMITH,FALL,"PASSED PRECALC, SUBJECT AVG ≥ 88","The AP Statistics course is equivalent to a one-semester, introductory, non-calculus-based college course in statistics. The course introduces students to the major concepts and tools for collecting, analyzing, and drawing conclusions from data. There are four themes in the AP Statistics course: exploring data, sampling and experimentation, anticipating patterns, and statistical inference. Students use technology, investigations, problem solving, and writing as they build conceptual understanding.",,,
PDS87QDA,BALLROOM 12 CYCLE 1,FALSE,CORE,,PHYSICAL EDUCATION,MORAN,FALL,JUNIORS/SENIORS,"Ballroom Dance is a social class that will teach you a skill for a lifetime. No more standing around at school dances, prom, or weddings. You will learn how to Waltz, Foxtrot, Tango, Merengue, Rumba, Cha Cha, and Swing. Learning to dance is uplifting and fun and will help you develop strength and muscle definition as well as general endurance. Come have fun with friends and learn to dance together. No experience necessary",,,
PDS87QDB,BALLROOM 12 CYCLE 2,FALSE,CORE,,PHYSICAL EDUCATION,MORAN,FALL,JUNIORS/SENIORS,"Ballroom Dance is a social class that will teach you a skill for a lifetime. No more standing around at school dances, prom, or weddings. You will learn how to Waltz, Foxtrot, Tango, Merengue, Rumba, Cha Cha, and Swing. Learning to dance is uplifting and fun and will help you develop strength and muscle definition as well as general endurance. Come have fun with friends and learn to dance together. No experience necessary",,,
PFS87QCA,INDOOR CYCLING 12 CYCLE 1,FALSE,CORE,,PHYSICAL EDUCATION,MORAN,FALL,JUNIORS/SENIORS,"Stuyvesant has its own state of the art Spin studio! This class introduces students to one of the fastest growing fitness crazes. Learn how to set up the bike, build endurance and design your own Spinning fitness routine. Be prepared to sweat!",,,
PFS87QCB,INDOOR CYCLING 12  CYCLE 2,FALSE,CORE,,PHYSICAL EDUCATION,MORAN,FALL,JUNIORS/SENIORS,"Stuyvesant has its own state of the art Spin studio! This class introduces students to one of the fastest growing fitness crazes. Learn how to set up the bike, build endurance and design your own Spinning fitness routine. Be prepared to sweat!",,,
PFS87QGA,YOGA 12 CYCLE 1,FALSE,CORE,,PHYSICAL EDUCATION,MORAN,FALL,RISING JUNIORS/RISING SENIORS,"Focusing on yoga and meditative practices, this class will help improve your flexibility, teaches stress reduction techniques and mindfulness activities. Guaranteed to improve your focus, yoga is a practice that can be used daily without the need for expensive equipment and is a lifelong fitness skill.",,,
PFS87QGB,YOGA 12 CYCLE 2,FALSE,CORE,,PHYSICAL EDUCATION,MORAN,FALL,JUNIORS/SENIORS,"Focusing on yoga and meditative practices, this class will help improve your flexibility, teaches stress reduction techniques and mindfulness activities. Guaranteed to improve your focus, yoga is a practice that can be used daily without the need for expensive equipment and is a lifelong fitness skill.",,,
PFS87QWA,WEIGHTTRAINING 12 CYCLE 1,FALSE,CORE,,PHYSICAL EDUCATION,MORAN,FALL,RISING JUNIORS/RISING SENIORS,"The course will focus on learning and reinforcing the proper guidelines, principles and techniques of weight-lifting. Students will be introduced to the 5 health related components of fitness: muscular strength, muscular endurance, cardiovascular endurance, flexibility and body composition. Students will be given opportunities to improve physical fitness, acquire knowledge of fitness concepts and practice positive personal and social skills. The class is structured for any ability level from a beginner, someone who has never lifted free weights before, or the athlete who has a regular weight lifting program.",,,
PFS87QWB,WEIGHTTRAINING 12 CYCLE 2,FALSE,CORE,,PHYSICAL EDUCATION,MORAN,FALL,JUNIORS/SENIORS,"The course will focus on learning and reinforcing the proper guidelines, principles and techniques of weight-lifting. Students will be introduced to the 5 health related components of fitness: muscular strength, muscular endurance, cardiovascular endurance, flexibility and body composition. Students will be given opportunities to improve physical fitness, acquire knowledge of fitness concepts and practice positive personal and social skills. The class is structured for any ability level from a beginner, someone who has never lifted free weights before, or the athlete who has a regular weight lifting program.",,,
PHS11,HEALTH,FALSE,CORE,,HEALTH,MORAN,BOTH,FRESHMEN,,,,
PPS81QA,PHYS ED 9 CYCLE 1,FALSE,CORE,,PHYSICAL EDUCATION,MORAN,FALL,FRESHMEN,,,,
PPS81QB,PHYS ED 9 CYCLE 2,FALSE,CORE,,PHYSICAL EDUCATION,MORAN,FALL,FRESHMEN,,,,
PPS83QA,PHYS ED 10 CYCLE 1,FALSE,CORE,,PHYSICAL EDUCATION,MORAN,FALL,SOPHOMORES,,,,
PPS83QB,PHYS ED 10 CYCLE 1,FALSE,CORE,,PHYSICAL EDUCATION,MORAN,FALL,SOPHOMORES,,,,
PPS87QA,PHYS ED 12 CYCLE 1,FALSE,CORE,,PHYSICAL EDUCATION,MORAN,FALL,JUNIORS/SENIORS,,,,
PPS87QB,PHYS ED 12 CYCLE 2,FALSE,CORE,,PHYSICAL EDUCATION,MORAN,FALL,JUNIORS/SENIORS,,,,
PPS87QKA,ROLLERBLADE 12 CYCLE 1,FALSE,CORE,,PHYSICAL EDUCATION,MORAN,FALL,RISING JUNIORS/RISING SENIORS,"This class is designed to teach students without experience how to ride in-line skates. The focus will be to develop basic skills like gliding, braking and turning while allowing students to explore their limits with a variety of other skills. The class will most often be skating outside around the park and the piers. All equipment will be provided by the school. There is an advanced class option for seniors in the spring semester who have taken the class before or have personal experience.",,,
PPS87QKB,ROLLERBLADE 12 CYCLE 2,FALSE,CORE,,PHYSICAL EDUCATION,MORAN,FALL,JUNIORS/SENIORS,"This class is designed to teach students without experience how to ride in-line skates. The focus will be to develop basic skills like gliding, braking and turning while allowing students to explore their limits with a variety of other skills. The class will most often be skating outside around the park and the piers. All equipment will be provided by the school. There is an advanced class option for seniors in the spring semester who have taken the class before or have personal experience.",,,
PTS87QVA,VOLLEYBALL 12 CYCLE 1,FALSE,CORE,,PHYSICAL EDUCATION,MORAN,FALL,RISING JUNIORS/RISING SENIORS,"The course will focus on learning and reinforcing the fundamental skills of volleyball such as: passing, setting, hitting, blocking, digging and serving. Students will also become knowledgeable of the rules of the game, tactics and various offensive/defensive strategies. In addition, this course provides students with opportunities to improve physical fitness, acquire knowledge of fitness concepts and practice positive personal and social skills.",,,
PTS87QVB,VOLLEYBALL 12 CYCLE 2,FALSE,CORE,,PHYSICAL EDUCATION,MORAN,FALL,JUNIORS/SENIORS,"The course will focus on learning and reinforcing the fundamental skills of volleyball such as: passing, setting, hitting, blocking, digging and serving. Students will also become knowledgeable of the rules of the game, tactics and various offensive/defensive strategies. In addition, this course provides students with opportunities to improve physical fitness, acquire knowledge of fitness concepts and practice positive personal and social skills.",,,
PWS81QA,SWIMMING 9 CYCLE 1,FALSE,CORE,,PHYSICAL EDUCATION,MORAN,FALL,LIST PROVIDED BY PE,,,,
PWS81QB,SWIMMING 9 CYCLE 2,FALSE,CORE,,PHYSICAL EDUCATION,MORAN,FALL,LIST PROVIDED BY PE,,,,
PWS83QGA,LIFEGUARD A CYCLE,FALSE,CORE,,PHYSICAL EDUCATION,MORAN,FALL,RISING SOPHOMORES/RISING JUNIORS/RISING SENIORS,"American Redcross certified Lifeguarding Class (Including Deep Water)SwimmingYou must successfully complete the two prerequisite swimming skills evaluations:Prerequisite 1: Complete a swim-tread-swim sequence without stopping to rest:•        Jump into the water and totally submerge, resurface then swim 150 yards using the front crawl, breaststroke or a combination of both. (Swimming on the back or side is not permitted. Swim goggles are allowed.)•        Maintain position at the surface of the water for 2 minutes by treading water using only the legs.•        Swim 50 yards using the front crawl, breaststroke or a combination of both.Prerequisite 2: Complete a timed event within 1 minute, 40 seconds:•        Starting in the water, swim 20 yards. (The face may be in or out of the water. Swim goggles are not allowed.)•        Surface dive (feet-first or head-first) to a depth of 7 – 10 feet to retrieve a 10-pound object.•        Return to the surface and swim 20 yards on the back to return to the starting point, holding the object at the surface with both hands and keeping the face out at or near the surface.•        Exit the water without using a ladder or steps.",,,
PWS83QGB,LIFEGUARD B CYCLE,FALSE,CORE,,PHYSICAL EDUCATION,MORAN,FALL,LIST PROVIDED BY PE,"American Redcross certified Lifeguarding Class (Including Deep Water)SwimmingYou must successfully complete the two prerequisite swimming skills evaluations:Prerequisite 1: Complete a swim-tread-swim sequence without stopping to rest:•        Jump into the water and totally submerge, resurface then swim 150 yards using the front crawl, breaststroke or a combination of both. (Swimming on the back or side is not permitted. Swim goggles are allowed.)•        Maintain position at the surface of the water for 2 minutes by treading water using only the legs.•        Swim 50 yards using the front crawl, breaststroke or a combination of both.Prerequisite 2: Complete a timed event within 1 minute, 40 seconds:•        Starting in the water, swim 20 yards. (The face may be in or out of the water. Swim goggles are not allowed.)•        Surface dive (feet-first or head-first) to a depth of 7 – 10 feet to retrieve a 10-pound object.•        Return to the surface and swim 20 yards on the back to return to the starting point, holding the object at the surface with both hands and keeping the face out at or near the surface.•        Exit the water without using a ladder or steps.The purpose of the American Red Cross Lifeguarding course is to provide entry-level lifeguard participants with the knowledge and skills to prevent, recognize and respond to aquatic emergencies and to provide care for breathing and cardiac emergencies, injuries and sudden illnesses until emergency medical services personnel take over.Prerequisites:Must be 15 years old on or before the final scheduled session of this course.Swim 300 yards continuously demonstrating breath control and rhythmic breathing. Candidates must swim using the front crawl, breaststroke or a combination of both but swimming on the back or side is not allowed. Swim goggles may be used.Tread water for 2 minutes using only the legs. Candidates should place their hands under the armpits.Complete a timed event within 1 minute,40 seconds. Starting in the water, swim 20 yards. The face may be in or out of the water. Swim goggles are not allowed. Surface dive, feet-first or head-first, to a depth of 7 to 10 feet to retrieve a 10-pound object.Return to the surface and swim 20 yards on the back to return to the starting point with Both hands holding the object and keeping the face at or near the surface so they can get a breath. Candidates should not swim the distance under water. Exit the water without using a ladder or steps.Certification Requirements:Demonstrate competency in all required skills and activities.Demonstrate competency in all required final rescue skill scenarios.Pass both the Section 1—CPR/AED for the Professional Rescuerand First Aid and Section 2—Lifeguarding Skills final written exams with minimum grades of 80 percentCertificate Issued and Validity Period:American Red Cross certificate for Lifeguarding/First Aid/CPR/AED: 2 yearsLifeguarding Course Information:",,,
RVS21QEA,PRINCIPLES OF ENGINEERING 1 OF 2,TRUE,CORE,,TECHNOLOGY,THOMAS,FALL,RISING SENIORS,"Principles of Engineering 1 of 2 is the first part of a two-term course designed to introduce students to the fundamentals of engineering through the study of topics such as mechanisms, materials and structures and control systems. It incorporates numerous hands-on projects allowing students to apply their knowledge of engineering research and design to create solutions to various challenging problems.",,,
SBS11QMD,HUMAN PATHOPHYSIOLOGY,FALSE,ELECTIVE,,BIOLOGY,PRABHU,FALL,RISING JUNIORS/RISING SENIORS,"This course will integrate concepts in general biology and chemistry with the symptoms, diagnosis and treatment of human diseases. Topics include trauma, medical emergencies, respiratory disorders, gastrointestinal symptoms of disease and neurological disorders. Students will play doctor/patient scenarios to diagnose diseases. The taking of medical histories and physical examinations are learned together and separately. The use of medical equipment during medical exams and the interpretation of laboratory analysis of body fluids will be discussed. The course is divided into three units:1) INTERVIEWING - the health history, important symptoms and assessment of mental status2) BODY SYSTEMS - relevant anatomy & physiology in understanding the reasons for the symptoms3) TECHNIQUES of physical examination with care given to medical events & clinical thinkingThe course is composed of class discussion, group work where students diagnose medical problems and human labs where students practice their skills under teacher supervision. Students will complete 4 papers and a group project. There will be several examinations including a practical skills assessment. This course is designed for students who want a general overview of human health.",,,
SBS11QUE,URBAN ECOLOGY,FALSE,ELECTIVE,,BIOLOGY,PRABHU,BOTH,RISING SOPHOMORES/RISING JUNIORS/RISING SENIORS,"Humans are the epitome of an organism that modifies its environment for its own use. The outcomes of our modifications include the creation of cities and their associated infrastructure, impoundments, utilities, etc. Urban Ecology is the study of how people in suburbs and cities interact with their environment. These interactions take many different forms such as economics, psychology, biology, sociology, geography, and public policy. Assessments – Exams, homework, literature review of a topic related to urban ecology, power point presentations, field trips, active class participation.",,,
SBS21H,PRE-AP BIOLOGY 1 OF 2,FALSE,CORE,,BIOLOGY,PRABHU,FALL,FRESHMEN,,,,
SBS21QMS,MOLECULAR SCIENCE,TRUE,ELECTIVE,,BIOLOGY,PRABHU,FALL,"RISING SOPHOMORES, SUBJECT AVG ≥ 91","This course, open to sophomores only, is a broad survey of classical and modern molecular biology, biotechnology, and biochemistry, and is the first semester of a year-long sequence. In the first semester we will focus on nucleic acids, and in the second semester we will focus on proteins and sugars. We will read and discuss numerous classic and current academic journal articles, watch scientific talks, and perform various laboratory activities as well as write formal laboratory reports. This course also aims to prepare students for research in a college or university setting.This course is open ONLY to sophomores.",,,
SBS21X,AP BIOLOGY 1,TRUE,CORE,,BIOLOGY,PRABHU,FALL,,"This is a college level, year long course of study. It is an in-depth study for all major areas of Biology which will prepare the AP Biology student for the AP Exam in May. The course is taught through lecture, active classroom discussions, readings, and laboratory projects. The student must master the material in a college level text. The topics for the fall term are as folllows: 1: Chemistry of life (inc organic chemistry and water properties) 2: Cell structure and function (inc membrane transport) 3: Cellular energetics (photosynthesis, cellular respiration) 4: Cell communication (signaling) and cell cycle (mitosis) Spring semester: 5: Heredity (meiosis and inheritance) 6: Gene expression and regulation (Central Dogma: DNA, RNA, Protein) 7: Natural selection (Evolution) 8: Ecology (inc population dynamics)",,,
SBS43X,AP BIOLOGY 3,TRUE,ELECTIVE,,BIOLOGY,PRABHU,FALL,"RISING JUNIORS/SENIORS, SUBJECT AVG ≥ 91","SELECT THIS COURSE USING AP LIFE SCIENCE ON THE AP COURSE SELECTION FORM.This is a college level, year long course of study. It is an in-depth study for all major areas of Biology which will prepare the AP Biology student for the AP Exam in May. The course is taught through lecture, active classroom discussions, readings, and laboratory projects. The student must master the material in a college level text. The topics for the fall term are as folllows: 1: Chemistry of life (inc organic chemistry and water properties) 2: Cell structure and function (inc membrane transport) 3: Cellular energetics (photosynthesis, cellular respiration) 4: Cell communication (signaling) and cell cycle (mitosis) Spring semester: 5: Heredity (meiosis and inheritance) 6: Gene expression and regulation (Central Dogma: DNA, RNA, Protein) 7: Natural selection (Evolution) 8: Ecology (inc population dynamics)",,,
SCS11QCA,ADV CHEM LAB,FALSE,ELECTIVE,,CHEMISTRY,THOMAS,BOTH,JUNIORS/SENIORS AND CHEM AVG >= 85,"Advanced Chemistry Lab is a one-term course designed to introduce students to laboratory techniques in the chemistry laboratory. During the course, the students will learn about health and safety issues, the preparation and use of common glassware/lab equipment, proper recording of qualitative and quantitative observations and common laboratory techniques. In addition to working in the chemistry laboratory, the students will learn how to write full laboratory reports, analyze data, draw valid conclusions based on the data collected and perform error analysis.",,,
SCS21H,HONORS CHEMISTRY 1 OF 2,TRUE,CORE,,CHEMISTRY,THOMAS,FALL,RISING SOPHOMORES,"Modern Chemistry 1 of 2 is the first term of an introductory honors-level chemistry course covering topics found on both the Regents Chemistry Exam and the SAT Chemistry Subject Test. Students cultivate their understanding of matter and energy and their interactions in the modern world through inquiry-based investigations as they learn about properties and changes of matter, three phases of matter, atomic structure, the Periodic Table, energy associated with physical and chemical changes, chemical bonding and shapes, chemical reactions, moles and stoichiometry, the behavior of gases, and nuclear chemistry.",,,
SCS21QGC,ORGANIC CHEMISTRY,TRUE,ELECTIVE,,CHEMISTRY,THOMAS,FALL,"RISING JUNIORS/RISING SENIORS, SCS21H ≥ 94 OR SCS21X ≥ 92","Organic Chemistry 1 of 2 is the first part of a two-term introductory college-level organic chemistry course. In this fall-term course, students cultivate their understanding of structure, bonding, hydrocarbons, stereochemistry, radical reactions, alkyl halides, alkenes, alkynes, alcohols, ethers, synthesis, spectroscopy, and structural determination.",,,
SCS21X,AP CHEM 1 OF 2,TRUE,CORE,,CHEMISTRY,THOMAS,FALL,"RISING SOPHOMORES, MGS21QE ≥ 92 OR MGS21QT ≥ 94","AP Chemistry 1 of 2 with the Regents is the first part of a two-term introductory college-level chemistry course taken in lieu of Modern Chemistry 1 of 2. In this fall-term course, students cultivate their understanding of matter, energy, and their interactions through a rigorous study of the following concepts: matter and measurement, the Periodic Table, bonding, stoichiometry, aqueous reactions, gases, solids, liquids, thermochemistry, solutions, kinetics, and equilibrium.",,,
SCS43X,AP CHEMISTRY 3,TRUE,ELECTIVE,,CHEMISTRY,THOMAS,FALL,"RISING JUNIORS/SENIORS, SCS21H ≥ 92","AP Chemistry 3 of 4 is the first part of a two-term introductory college-level chemistry course. In this fall-term course, students cultivate their understanding of matter, energy, and their interactions through a rigorous study of the following concepts: matter and measurement, the Periodic Table, bonding, stoichiometry, aqueous reactions, gases, solids, liquids, thermochemistry, solutions, kinetics, and equilibrium.",,,
SFS11QFS,FORENSIC SCIENCE,FALSE,ELECTIVE,,BIOLOGY,PRABHU,FALL,RISING SOPHOMORES/RISING JUNIORS/RISING SENIORS,"This course will cover all aspects of forensic science with an emphasis on inquiry-based learning. It builds on the principles and applications of biology, chemistry and physics in a laboratory setting. Students will incorporate their prior knowledge into real-world applications and experiments. Laboratory exercises – latent fingerprinting, ballistics measurements, hair and fiber analysis, blood typing, blood spatter examination, thin-layer chromatography of toxins, a fetal pig dissection and DNA fingerprintingAssignments and assessments include laboratory reports and a practical, group projects, papers, class participation and exams. This course will only be offered in the Fall of 2024 and not the Spring 2025.",,,
SPS11QCP,COMPUTATIONAL PHYSICS,FALSE,ELECTIVE,,PHYSICS,PRABHU,BOTH,STUDENTS WHO HAVE PASSED HONORS PHYSICS (>=85%) AND INTRO CS (>=85%) AND NOT IN AP PHYSICS C,"In Honors Physics, students are restricted to studying systems that have simple and deterministic solutions that can always be found by the application of an equation. In the real world, however, physical systems often depend on far more variables than we can compute by hand, and physical outcomes can be very sensitive to initial conditions. For example, the topic of chaotic dynamics is highly appealing to students because of its links to fractals and complexity, but it is inaccessible without computer simulations.This course aims to bridge the gap between the simpler systems taught in Honors Physics and the greater complexity of the real world by having students learn to build computer simulations of physical systems. The class will cover a range of topics, including: Writing and debugging code in VPython Runge-Kutta methods for solving ODEs Applications to kinematics and dynamics Applications to chaotic systems and fractals",,,
SPS21H,HONORS PHYSICS 1 OF 2,TRUE,CORE,,PHYSICS,PRABHU,FALL,RISING JUNIORS,"Honors Physics 1 of 2 is an algebra-based, introductory physics course. Students cultivate their understanding of physics through inquiry-based investigations as they explore the following topics: kinematics, vectors, Newton’s Laws, work, energy, power, momentum, gravity and oscillations.",,,
SPS21X,AP PHYSICS 1,TRUE,ELECTIVE,,PHYSICS,PRABHU,FALL,"PASSED PHYSICS, SPS21H ≥ 90","AP Physics 1 of 2 is the first part of a two-term, algebra-based, introductory college-level physics course. Students cultivate their understanding of physics through inquiry-based investigations as they explore the following topics: kinematics, vectors, Newton’s Laws, work, energy, power, momentum, gravity and oscillations.",,,
SPS43X,AP PHYS C MECH,TRUE,ELECTIVE,,PHYSICS,PRABHU,FALL,"PASSED PHYSICS, PASSED BC CALC OR WILL BE TAKING BC CALC, SPS21H ≥ 94","AP Physics C: Mechanics is the first part of a two-term Calculus-based Physics course. In this fall-term course, students cultivate their understanding of kinematics, Newton’s Laws, work, energy, power, systems of particles and linear motion, circular motion and rotation, and oscillations and gravitation.",,,
SQS21QET,SCIENCE AND SOCIETY,TRUE,ELECTIVE,,CHEMISTRY,THOMAS,FALL,STUDENTS WHO HAVE PASSED CHEMISTRY,"Full-Year CourseIn a world flooded with information, we continually make choices about what to believe and human limitations and biases can make it easy to fool ourselves. Many people in the scientific community have worked to understand and counter these limitations, developing tools and techniques to minimize bias and avoid cognitive traps. Tools such as probabilistic reasoning, the use of multiple lines of evidence, and differentiating correlation from causation are essential to scientists’ efforts to make sense of the world. The goal of the course is to equip students with an everyday conceptual toolkit of some of the most powerful techniques from science - asking questions, brainstorming ideas, interpreting data, managing trade-offs, and developing solutions – and apply them in real-world scenarios. You will learn strategies to evaluate information, to reflect on your thinking, and to make more informed decisions.The fall semester will focus on developing this toolkit in isolated scenarios. The spring semester will be geared towards the application of these strategies at the intersection of science and society.",,,
SQS21X,AP PSYCHOLOGY 1 OF 2,TRUE,ELECTIVE,,BIOLOGY,PRABHU,FALL,"RISING JUNIORS/SENIORS, SUBJECT AVG ≥ 91","SELECT THIS COURSE USING AP LIFE SCIENCE ON THE AP COURSE SELECTION FORM.This is a college level Psychology course. AP Psychology is course that requires extensive reading, writing, data analysis, and class discussions. It will prepare the student for the AP Psychology exam. Topics include:  1. Psychology's History and Approaches 2. Reseach Methods 3. The Biological Basis of Behavior 4. Sensation and Perception 5. States of Consciousness 6. Learning 7. Cognition - Memory and language 8. Motivation and Emotion 9. Developmental Psychology",,,
SQS83QJI,SOPHOMORE STEM RESEARCH,TRUE,ELECTIVE,,RESEARCH,SURI,FALL,"RISING SOPHOMORES, Overall GPA >91Math > 91; Science >91","Sophomore Research is a two-term course to prepare students conducting their multi-year independent research projects. Students will gain an overview of research intent and design, methodology, and data analysis by commonly used statistical methods. Students will practice their critical thinking and essay-writing skills by entering major STEM contests and symposiums. The course will develop each student's ability to identify areas of interest, formulate a research question, and connect with potential mentors to assist their projects. Students enrolled in this course should expect a significant amount of independent work done outside of class time.",,,
SQS85QJI,JUNIOR STEM RESEARCH,TRUE,ELECTIVE,,RESEARCH,SURI,FALL,Juniors doing Biology research. Math > 91; Science >91,"This one year course is designed to provide junior students (grade 11) with the necessary skills such as the ability to read journal articles and perform molecular biology techniques in order to conduct their own independent research projects. Furthermore, students are expected to work during the summer with a mentor on a research project. Once completed juniors return to Biology Research to learn how to write a peer-reviewed journal article based on their research experience. This class is best for students who have already begun work on a research project in the biological sciences.",,,
SQS87QJI,SENIOR STEM RESEARCH,FALSE,ELECTIVE,,RESEARCH,SURI,FALL,PASSED SBS86QJI,"Seniors, after completing at least one summer of research, will write science papers based on their experiences and enter them in various high school science competitions! In collaboration with teachers, their assigned research mentors and appropriate alumni, students will craft nearly professional papers in the format seen in any peer-reviewed journal; a highly regarded skill. In addition to learning how to effectively write a paper, students will also learn to give presentations, highlighting their papers’ results and analyses, as one would expect to see at a formal conference. The semester concludes with the after-school event, Celebration of Science, where seniors are acknowledged and awarded for their achievements in scientific research!",,,
SQS11QP5,INTRO TO SCIENCE OLYMPIAD,FALSE,ELECTIVE,,TECHNOLOGY,THOMAS,BOTH,ALL,"The Intro to Science Olympiad class is a course designed to help students learn about the tech events in the Science Olympiad competition. The students will learn about various scientific disciplines, including earth science, biology, chemistry, physics, and engineering, and they will be able to use the Innovation Lab to develop skills in events like boomilever, bridge, tower, flight, helicopter and gravity vehicle. The class structure will involve students working in teams with a particular focus on one or more of the engineering-based events.",,,
SQS87QP5,SCIENCE OLYMPIAD GR 12,FALSE,ELECTIVE,,TECHNOLOGY,THOMAS,FALL,MEMBER OF THE SCIENCE OLYMPIAD TEAM,"Science Olympiad is a course designed to help students prepare for the Science Olympiad competition. The students will learn about various scientific disciplines, including earth science, biology, chemistry, physics, and engineering, and they will be able to use the Innovation Lab to help prepare for events like Bridge Building, Ping Pong Parachute, Gravity Vehicle and Wright Stuff. The class structure will involve students working in teams with a particular focus on one or more of the Science Olympiad events: both knowledge-based and engineering-based events.",,,
SWS11QHA,HYDROPONICS AND AQUAPONICS,FALSE,ELECTIVE,,BIOLOGY,PRABHU,BOTH,"RISING JUNIORS/RISING SENIORS IN THE FALL, SOPHOMORES/JUNIORS IN THE SPRING","This hands-on, interdisciplinary course introduces students to the science, technology, and engineering principles behind hydroponic and aquaponic systems—innovative methods of growing plants without soil. Through engaging, real-world applications, students will explore plant biology, water chemistry, ecological balance, and system design. Emphasis will be placed on sustainable food production and the environmental benefits of these systems. Students will build and maintain functioning hydroponic and aquaponic setups, gaining firsthand experience with the tools and techniques used in modern agriculture.In addition to system operation, students will dive into research and experimentation to explore how variables like nutrient concentrations, pH, temperature, and species selection impact system performance. The course will challenge students to apply STEM concepts from biology, chemistry, physics, and environmental science as they troubleshoot real-world issues, develop data-driven solutions, and communicate their findings through formal reports, presentations, and peer review. This course is ideal for students interested in sustainability, food systems, environmental engineering, or agricultural innovation.",,,
SWS11QOC,OCEANOGRAPHY,FALSE,ELECTIVE,,BIOLOGY,PRABHU,FALL,RISING JUNIORS/RISING SENIORS,"This course will survey topics such as zones of life, geological mapping, ocean chemistry and ocean-atmosphere interaction. Students will establish and maintain an oyster site adjacent to the school in the harbor, work on a bird sanctuary, study with a marine biologist and a college oceanographer. Students will establish two natural habitats for marine spawning and maintain a crustacean and gastropod intertidal area in the Hudson River. Students are graded on their oral and written reports from their readings in periodicals or current research in oceanography. Exams include problem solving, using facts and skills from previous lessons. Participation and involvement in classroom discussions are required. Open to juniors and seniors only.",,,
SWS21X,AP ENVIR SCI 1 OF 2,TRUE,ELECTIVE,,BIOLOGY,PRABHU,FALL,"RISING SOPH/JUNIORS/SENIORS, SUBJECT AVG ≥ 90","SELECT THIS COURSE USING AP LIFE SCIENCE ON THE AP COURSE SELECTION FORM.The goal of the course is to provide students with the scientific principles, concepts, and methodologies required to understand the interrelationships of the natural world, and to be able to identify and analyze environmetal problems both natural and man-made, to evaluate the relative risks associated with these problems, and to examine alternative solutions for resolving and/or preventing them. This course will prepare the student for the AP Environmental Science Exam in may. Field trips,field studies and lab work are included.",,,
TCS21QCA,ADV COMP AIDED DESIGN,TRUE,ELECTIVE,,TECHNOLOGY,THOMAS,FALL,RISING SENIORS WHO HAVE TAKEN DRAFTING,"Advanced Computer Aided Design 1 of 2 is the first part of a two-term course designed to further develop a students’ knowledge of drafting techniques and methods using Autodesk Inventor or OnShape. During the course, students will learn about basic engineering and design principles to enhance a student’s problem solving skills while learning the basic functionality of using rapid prototyping software.",,,
TDS11,DRAFTING & 3D MODELING,FALSE,CORE,,TECHNOLOGY,THOMAS,BOTH,SOPHOMORES,"Drafting & 3D Modeling is a one-term course designed to introduce students to the concepts and tools used to communicate through technical drawings. The course is structured around the three drawing techniques used in industry: sketching, formal hand drawings, and Computer Aided Drawing. While studying each drawing technique students will be exposed to the fundamental drawing types used to communicate a design which include isometric, orthographic, auxiliary view, sectional view, and developments. The course will provide the foundational knowledge used to visually communicate the design of an object using industry standards, and each student will be expected to complete multiple projects for each drawing type. The concepts, skills, and abilities developed in this course are essential for the study or careers in the fields of architecture, mechanical engineering, civil engineering, and industrial design, and the course will open the door to 3D printing and modeling.",,,
TDS11QD5,INTERIOR DESIGN,​,​,,TECHNOLOGY,THOMAS,FALL,STUDENTS WHO HAVE PASSED TDS11 AND MKS21/21QA,"This course is designed to focus on the functionality of the space inside of a building to create an interior space that is designed for human occupancy.This will include topics such as:1- How to design floor plans.2- learning the fundamentals of indoor living areas such as developing service, sleep, recreational areas and how they come together in creating the overall structure of a residential building.3- How to use CAD software designed specifically for architectural drafting.4- How to illustrate project ideas by creating pictorial drawings and architectural renderings.",,,
TDS21QDA,INTERIOR DESIGN 1 OF 2,TRUE,ELECTIVE,,TECHNOLOGY,THOMAS,FALL,STUDENTS WHO HAVE PASSED TDS11 AND MKS21/21QA,"Interior Design is a two-term course designed to introduce students to projects that involve the construction, renovation, modernization, or refurbishment of an existing space, room or facility. During this semester, students will learn about the interior design profession and the requisite skills involved in the field of interior design.",,,
TDS21QAA,ARCHITECTURE 1 OF 2,TRUE,CORE,,TECHNOLOGY,THOMAS,FALL,RISING SENIORS WHO HAVE TAKEN DRAFTING,"Architecture 1 of 2 is the first part of a two-term course designed to introduce students to the ideas, principles, and methods of architectural design. During the course, students will learn about the architectural concepts of space, form, function, environment, and technology, and they will explore the architectural principles of composition, history, preservation, landscape architecture, planning, and urban design.",,,
TMS21QWA,WOODWORKING 1 OF 2,TRUE,CORE,,TECHNOLOGY,THOMAS,FALL,RISING SENIORS,"Woodworking 1 of 2 is the first part of a two-term course designed to introduce students to the fundamentals of woodworking used in projects such as cabinet making and furniture making. During the course, students will learn how to use hand tools and power tools in the woodshop, and they will learn about design and fabrication while working on projects of an advanced artistic nature.",,,
TQS11QA5,ANIMATION,TRUE,CORE,,TECHNOLOGY,THOMAS,BOTH,RISING JUNIORS/RISING SENIORS,"This course covers basic animation techniques using the program Blender. The basic skills are: modeling, texturing, rendering and animation. Students will create within a project based workflow and will write, animate, direct and edit their own computer animated short film.Students will:Learn to apply the basic principles of animation and the processes used by professionals to model, rig, and animate characters in digital environments.Apply a story telling principle through animationDesign, rig and animate characters in Blender",,,
TQS11QB5,INTRO TO ROBOTICS,FALSE,ELECTIVE,,TECHNOLOGY,THOMAS,BOTH,STUDENTS WHO HAVE PASSED TDS11 AND MKS21/21QA,"Intro to Robotics is a one-term course designed for students to learn key STEM principles through a series of hands-on robotics projects. The course covers several topics related to Mechanical Engineering, Physics, and Computer Science, but no previous classes or knowledge of these concepts is required for success in the course. During the course, students will learn about the important principles and techniques used in robotics, and at the end of the term, students will design and build a robot for a class robotics competition.",,,
TQS21QBA,ADVANCED ROBOTICS 1 OF 2,TRUE,CORE,,TECHNOLOGY,THOMAS,FALL,RISING SENIORS,"Advanced Robotics 1 of 2 is the first part of a two-term course designed to build on a students' experience in robotics. To take this course, students should be a member or want to become a member of one of the robotics teams, have experience with Onshape or other CAD software and have at least 1 year of experience in the robotics or innovation labs. Experience with Computer Science is also helpful. During this course, students will learn how to work with 3D printers, power tools, and machines such as a laser cutter, and at the end of each term, students will design and build a robot for a class robotics competition. This course is also open to students as an elective.",,,
TQS21QVA,VIDEO PRODUCTION 1 OF 2,TRUE,CORE,,TECHNOLOGY,THOMAS,FALL,RISING SENIORS,"Video Production 1 of 2 is the first part of a two-term course designed to introduce students to video production concepts and skills. During the course, students will work on demonstrations, screenings, hands-on projects and critiques, and students will learn technological and creative practices for visual storytelling. Students will work both independently and collaboratively to execute all phases of the production process. Students will create 4 short videos in this course, and students will use are variety of techniques such as live action, animation and found footage.",,,
TZS21QAA,3D ARTS  TECHNOLOGY 1 OF 2,TRUE,CORE,,TECHNOLOGY,THOMAS,FALL,RISING SENIORS,"3D Art & Technology 1 of 2 is the first part of a two-term course designed to introduce students to a mixture of fine art and technical arts. During the course, students will explore traditional art making practices with materials such as paper, clay, wood, plaster, recycled materials etc. and more modern techniques such as computer design, laser cutting/engraving and 3D printing.",,,
TZS21QGA,GRAPHIC ART I OF II,TRUE,CORE,,TECHNOLOGY,THOMAS,FALL,RISING SENIORS,"Graphic Arts 1 of 2 is the first part of a two-term course designed to introduce students to the process of communicating through graphic arts. During the course, students will learn about the importance of idea generation, use of media, and decision making, as they explore stimulating studio opportunities developed to mirror real-world design challenges.",,,
UAS11,MUSIC APPRECIATION,FALSE,CORE,,MUSIC,THOMAS,BOTH,"PRIORITY IN FOLLOWING ORDER: RISING JUNIORS, SOPHOMORES THAT FAILED, INCOMING FRESHMEN",One-semester requirement,,,
UDS11Q2,CONCERT BAND,TRUE,ELECTIVE,,MUSIC,THOMAS,BOTH,"STUDENT TAKING UDS11Q2, TO JOIN THE ENSEMBLES YOU WILL NEED TO AUDITION, PLEASE REACH OUT TO THE MUSIC DEPT. IF YOU WOULD LIKE TO LEAVE THE ENSEMBLES, PLEASE SPEAK TO YOUR ENSEMBLE DIRECTOR AT THE END OF YOUR CURRENT TERM.","Stuyvesant offers a plethora of instrumental and choral music classes and currently has eleven performing ensembles. Auditions are on-going. Incoming freshmen audition during the summer. All students can audition during the fall semester to begin participating in the Spring term, or during the Spring term for the following year. Students who are chosen for an ensemble will be exempt from the Music Appreciation requirement after successfully participating in an ensemble for 2 terms. Students who successfully complete 8 terms of an ensemble have their senior-tech requirement waived.",,,
UDS11Q3,SYMPHONIC BAND,TRUE,ELECTIVE,,MUSIC,THOMAS,BOTH,"STUDENT TAKING UDS11Q3, TO JOIN THE ENSEMBLES YOU WILL NEED TO AUDITION, PLEASE REACH OUT TO THE MUSIC DEPT. IF YOU WOULD LIKE TO LEAVE THE ENSEMBLES, PLEASE SPEAK TO YOUR ENSEMBLE DIRECTOR AT THE END OF THE CURRENT TERM.","Stuyvesant offers a plethora of instrumental and choral music classes and currently has eleven performing ensembles. Auditions are on-going. Incoming freshmen audition during the summer. All students can audition during the fall semester to begin participating in the Spring term, or during the Spring term for the following year. Students who are chosen for an ensemble will be exempt from the Music Appreciation requirement after successfully participating in an ensemble for 2 terms. Students who successfully complete 8 terms of an ensemble have their senior-tech requirement waived.",,,
UDS11Q4,CONCERT BAND,TRUE,ELECTIVE,,MUSIC,THOMAS,BOTH,"STUDENT TAKING UDS11Q4, TO JOIN THE ENSEMBLES YOU WILL NEED TO AUDITION, PLEASE REACH OUT TO THE MUSIC DEPT. IF YOU WOULD LIKE TO LEAVE THE ENSEMBLES, PLEASE SPEAK TO YOUR ENSEMBLE DIRECTOR AT THE END OF THE CURRENT TERM.","Stuyvesant offers a plethora of instrumental and choral music classes and currently has eleven performing ensembles. Auditions are on-going.  Incoming freshmen audition during the summer. All students can audition during the fall semester to begin participating in the Spring term, or during the Spring term for the following year. Students who are chosen for an ensemble will be exempt from the Music Appreciation requirement after successfully participating in an ensemble for 2 terms.  Students who successfully complete 8 terms of an ensemble have their senior-tech requirement waived.",,,
UDS11Q8,BEGINNING BAND,TRUE,ELECTIVE,,MUSIC,THOMAS,BOTH,"STUDENT TAKING UDS11Q8, TO JOIN THE ENSEMBLES YOU WILL NEED TO AUDITION, PLEASE REACH OUT TO THE MUSIC DEPT. IF YOU WOULD LIKE TO LEAVE THE ENSEMBLES, PLEASE SPEAK TO YOUR ENSEMBLE DIRECTOR AT THE END OF THE CURRENT TERM.","Beginner Band (1-year course) serves as an introduction to learning a woodwind or a brass instrument and is an audition base for more advanced bands. No previous musical experience is necessary. Preference will be given to those with some musical background. If demand exceeds 50 students, selection will be through a lottery.",,,
UFS11,TREBLE CHOIR,TRUE,ELECTIVE,,MUSIC,THOMAS,BOTH,"STUDENT TAKING UFS11, TO JOIN THE ENSEMBLES YOU WILL NEED TO AUDITION, PLEASE REACH OUT TO THE MUSIC DEPT. IF YOU WOULD LIKE TO LEAVE THE ENSEMBLES, PLEASE SPEAK TO YOUR ENSEMBLE DIRECTOR AT THE END OF THE CURRENT TERM.","A large ensemble of Sopranos and Altos, which performs music written for women’s voices.",,,
UJS11,JAZZ BAND,TRUE,ELECTIVE,,MUSIC,THOMAS,BOTH,"STUDENT TAKING UJS11, TO JOIN THE ENSEMBLES YOU WILL NEED TO AUDITION, PLEASE REACH OUT TO THE MUSIC DEPT. IF YOU WOULD LIKE TO LEAVE THE ENSEMBLES, PLEASE SPEAK TO YOUR ENSEMBLE DIRECTOR AT THE END OF THE CURRENT TERM.","Stuyvesant offers a plethora of instrumental and choral music classes and currently has eleven performing ensembles. Auditions are on-going. Incoming freshmen audition during the summer. All students can audition during the fall semester to begin participating in the Spring term, or during the Spring term for the following year. Students who are chosen for an ensemble will be exempt from the Music Appreciation requirement after successfully participating in an ensemble for 2 terms. Students who successfully complete 8 terms of an ensemble have their senior-tech requirement waived.",,,
ULS11,DIGITAL STORYTELLING WITH EMERGING TECHNOLOGIES,FALSE,ELECTIVE,,MUSIC,THOMAS,BOTH,SOPHOMORES/JUNIORS/SENIORS,"This course empowers students to explore storytelling through the lens of emerging technologies, combining creative narratives with generative AI. Students will create multimedia projects using tools like Adobe Premiere, Logic Pro, Adobe Photoshop, Suno.com, and Sora. Foundational storytelling frameworks will include selections from Joseph Campbell's The Hero's Journey and Jungian archetypes.",,,
UMS11,BASS CHOIR,TRUE,ELECTIVE,,MUSIC,THOMAS,BOTH,"STUDENT TAKING UMS11, TO JOIN THE ENSEMBLES YOU WILL NEED TO AUDITION, PLEASE REACH OUT TO THE MUSIC DEPT. IF YOU WOULD LIKE TO LEAVE THE ENSEMBLES, PLEASE SPEAK TO YOUR ENSEMBLE DIRECTOR AT THE END OF THE CURRENT TERM.","An ensemble of Tenors, Baritones, and Basses that explores the rich tradition of music written for the male voice.",,,
UQS11,ORATORIO CHOIR,TRUE,ELECTIVE,,MUSIC,THOMAS,BOTH,"STUDENT TAKING UQS11, TO JOIN THE ENSEMBLES YOU WILL NEED TO AUDITION, PLEASE REACH OUT TO THE MUSIC DEPT. IF YOU WOULD LIKE TO LEAVE THE ENSEMBLES, PLEASE SPEAK TO YOUR ENSEMBLE DIRECTOR AT THE END OF THE CURRENT TERM.","A large mixed SATB ensemble which specializes in performance of extended choral works such as oratorios, masses, Requiems, etc., frequently collaborating with orchestra.",,,
UYS11,SYMPHONIC ORCHESTRA,TRUE,ELECTIVE,,MUSIC,THOMAS,BOTH,"STUDENT TAKING UYS11, TO JOIN THE ENSEMBLES YOU WILL NEED TO AUDITION, PLEASE REACH OUT TO THE MUSIC DEPT. IF YOU WOULD LIKE TO LEAVE THE ENSEMBLES, PLEASE SPEAK TO YOUR ENSEMBLE DIRECTOR AT THE END OF THE CURRENT TERM.","Stuyvesant offers a plethora of instrumental and choral music classes and currently has eleven performing ensembles. Auditions are on-going. Incoming freshmen audition during the summer. All students can audition during the fall semester to begin participating in the Spring term, or during the Spring term for the following year. Students who are chosen for an ensemble will be exempt from the Music Appreciation requirement after successfully participating in an ensemble for 2 terms. Students who successfully complete 8 terms of an ensemble have their senior-tech requirement waived.",,,
UZS32,INTERMEDIATE STRINGS,TRUE,ELECTIVE,,MUSIC,THOMAS,BOTH,"STUDENT TAKING UZS32, TO JOIN THE ENSEMBLES YOU WILL NEED TO AUDITION, PLEASE REACH OUT TO THE MUSIC DEPT. IF YOU WOULD LIKE TO LEAVE THE ENSEMBLES, PLEASE SPEAK TO YOUR ENSEMBLE DIRECTOR AT THE END OF THE CURRENT TERM.","Stuyvesant offers a plethora of instrumental and choral music classes and currently has eleven performing ensembles. Auditions are on-going. Incoming freshmen audition during the summer. All students can audition during the fall semester to begin participating in the Spring term, or during the Spring term for the following year. Students who are chosen for an ensemble will be exempt from the Music Appreciation requirement after successfully participating in an ensemble for 2 terms. Students who successfully complete 8 terms of an ensemble have their senior-tech requirement waived.",,,
UZS33,STRING ORCHESTRA,TRUE,ELECTIVE,,MUSIC,THOMAS,BOTH,"STUDENT TAKING UZS33, TO JOIN THE ENSEMBLES YOU WILL NEED TO AUDITION, PLEASE REACH OUT TO THE MUSIC DEPT. IF YOU WOULD LIKE TO LEAVE THE ENSEMBLES, PLEASE SPEAK TO YOUR ENSEMBLE DIRECTOR AT THE END OF THE CURRENT TERM.","Stuyvesant offers a plethora of instrumental and choral music classes and currently has eleven performing ensembles. Auditions are on-going.  Incoming freshmen audition during the summer. All students can audition during the fall semester to begin participating in the Spring term, or during the Spring term for the following year. Students who are chosen for an ensemble will be exempt from the Music Appreciation requirement after successfully participating in an ensemble for 2 terms.  Students who successfully complete 8 terms of an ensemble have their senior-tech requirement waived.",,,
ZJS11S,ENGLISH AND MATH SKILLS,TRUE,CORE,,SPECIAL EDUCATION,PAULSON,BOTH,LIST PROVIDED,,,,
